freq,util,power
600000.00,34.36,3.53
600000.00,33.95,3.53
600000.00,33.67,3.53
600000.00,33.39,3.53
600000.00,32.97,3.55
600000.00,31.99,3.55
600000.00,31.36,3.55
600000.00,31.02,3.55
600000.00,32.38,3.53
600000.00,33.33,3.53
600000.00,34.31,3.53
600000.00,34.77,3.53
600000.00,35.34,3.53
600000.00,35.68,3.53
600000.00,35.99,3.53
600000.00,35.53,3.53
600000.00,34.93,3.53
600000.00,34.48,3.53
600000.00,34.14,3.53
600000.00,33.56,3.53
600000.00,32.93,3.52
600000.00,32.46,3.52
600000.00,32.35,3.52
600000.00,32.18,3.52
600000.00,32.03,3.53
600000.00,31.87,3.53
600000.00,31.22,3.53
600000.00,30.64,3.53
600000.00,29.86,3.53
600000.00,29.70,3.53
600000.00,30.29,3.53
600000.00,30.76,3.53
600000.00,31.38,3.53
600000.00,31.49,3.53
600000.00,31.67,3.53
600000.00,31.80,3.53
600000.00,32.05,3.53
600000.00,32.96,3.53
600000.00,33.77,3.53
600000.00,34.58,3.53
600000.00,34.98,3.53
600000.00,34.37,3.53
600000.00,33.91,3.53
600000.00,33.45,3.53
600000.00,32.89,3.53
600000.00,31.60,3.53
600000.00,30.76,3.53
600000.00,30.00,3.53
600000.00,30.00,3.54
600000.00,30.00,3.54
600000.00,30.00,3.54
600000.00,30.10,3.54
600000.00,30.87,3.53
600000.00,31.36,3.53
600000.00,31.84,3.53
600000.00,31.94,3.53
600000.00,31.94,3.53
600000.00,31.94,3.53
600000.00,31.94,3.53
600000.00,31.94,3.53
600000.00,31.94,3.53
600000.00,31.94,3.53
600000.00,32.03,3.53
600000.00,32.47,3.53
600000.00,32.93,3.54
600000.00,33.29,3.54
600000.00,33.33,3.54
600000.00,33.33,3.54
600000.00,33.33,3.53
600000.00,33.26,3.53
600000.00,32.71,3.53
600000.00,32.23,3.53
600000.00,31.59,3.53
600000.00,31.23,3.53
600000.00,30.41,3.53
600000.00,29.79,3.53
600000.00,29.00,3.53
600000.00,29.80,3.53
600000.00,30.54,3.53
600000.00,31.28,3.53
600000.00,31.90,3.53
600000.00,31.62,3.53
600000.00,31.38,3.53
600000.00,31.14,3.53
600000.00,31.16,3.53
600000.00,31.81,3.53
600000.00,32.28,3.53
600000.00,32.75,3.53
600000.00,32.94,3.54
600000.00,33.11,3.54
600000.00,33.23,3.54
600000.00,33.31,3.54
600000.00,32.81,3.53
600000.00,32.46,3.53
600000.00,32.11,3.53
600000.00,31.90,3.53
600000.00,31.62,3.55
600000.00,31.45,3.55
600000.00,31.27,3.55
600000.00,31.33,3.55
600000.00,32.57,3.56
600000.00,33.35,3.56
600000.00,34.13,3.56
600000.00,34.05,3.56
600000.00,33.22,3.54
600000.00,32.75,3.54
600000.00,32.39,3.54
600000.00,32.39,3.54
600000.00,32.39,3.53
600000.00,32.39,3.53
600000.00,32.39,3.53
600000.00,32.39,3.53
600000.00,32.39,3.54
600000.00,32.39,3.54
600000.00,31.52,3.54
600000.00,30.65,3.54
600000.00,29.48,3.53
600000.00,29.27,3.53
600000.00,30.88,3.53
600000.00,32.21,3.53
600000.00,33.97,3.54
600000.00,33.97,3.54
600000.00,32.98,3.54
600000.00,32.27,3.54
600000.00,31.45,3.54
600000.00,31.72,3.54
600000.00,31.96,3.54
600000.00,32.21,3.54
600000.00,32.30,3.54
600000.00,31.84,3.54
600000.00,31.48,3.54
600000.00,31.12,3.54
600000.00,30.80,3.54
600000.00,30.21,3.54
600000.00,29.80,3.54
600000.00,29.42,3.54
600000.00,30.74,3.54
600000.00,31.73,3.54
600000.00,32.72,3.54
600000.00,33.36,3.54
600000.00,33.53,3.54
600000.00,33.64,3.54
600000.00,33.76,3.54
600000.00,33.55,3.54
600000.00,32.52,3.54
600000.00,31.92,3.54
600000.00,31.46,3.54
600000.00,31.85,3.54
600000.00,32.34,3.54
600000.00,32.70,3.54
600000.00,32.91,3.54
600000.00,33.06,3.54
600000.00,33.21,3.54
600000.00,33.32,3.54
600000.00,33.33,3.54
600000.00,33.33,3.54
600000.00,33.33,3.53
600000.00,33.24,3.53
600000.00,32.55,3.53
600000.00,31.96,3.53
600000.00,31.18,3.53
600000.00,30.94,3.53
600000.00,30.75,3.53
600000.00,30.62,3.53
600000.00,30.44,3.55
600000.00,30.58,3.55
600000.00,30.72,3.55
600000.00,30.86,3.55
600000.00,31.12,3.54
600000.00,31.85,3.54
600000.00,32.44,3.54
600000.00,33.03,3.54
600000.00,33.09,3.54
600000.00,32.25,3.54
600000.00,31.66,3.54
600000.00,31.07,3.54
600000.00,30.90,3.54
600000.00,30.68,3.54
600000.00,30.54,3.54
600000.00,30.50,3.54
600000.00,31.21,3.54
600000.00,31.70,3.54
600000.00,32.20,3.54
600000.00,32.50,3.54
600000.00,33.08,3.54
600000.00,33.43,3.54
600000.00,33.78,3.54
600000.00,33.49,3.54
600000.00,32.39,3.53
600000.00,31.79,3.53
600000.00,31.38,3.53
600000.00,31.08,3.53
600000.00,30.74,3.54
600000.00,30.49,3.54
600000.00,31.84,3.54
600000.00,36.77,3.54
600000.00,41.46,3.63
600000.00,45.07,3.63
600000.00,47.06,3.63
600000.00,52.01,3.63
600000.00,56.68,3.87
600000.00,60.14,3.87
600000.00,61.14,3.87
600000.00,59.83,3.87
600000.00,58.51,3.78
600000.00,57.52,3.78
600000.00,57.24,3.78
600000.00,56.89,3.78
600000.00,56.57,3.81
600000.00,56.34,3.81
600000.00,56.18,3.81
600000.00,56.02,3.81
600000.00,55.81,3.77
600000.00,55.66,3.77
600000.00,55.37,3.77
600000.00,55.12,3.77
600000.00,54.79,3.79
600000.00,54.85,3.79
600000.00,55.76,3.79
600000.00,56.48,3.79
600000.00,57.46,3.79
600000.00,57.35,3.79
600000.00,56.74,3.79
600000.00,56.32,3.79
600000.00,55.90,3.77
600000.00,56.03,3.77
600000.00,56.14,3.77
600000.00,56.26,3.77
600000.00,56.49,3.78
600000.00,57.09,3.78
600000.00,57.54,3.78
600000.00,57.99,3.78
600000.00,58.01,3.79
600000.00,57.73,3.79
600000.00,57.54,3.79
600000.00,57.36,3.79
600000.00,57.36,3.80
600000.00,57.44,3.80
600000.00,57.49,3.80
600000.00,57.53,3.80
600000.00,57.53,3.79
600000.00,57.53,3.79
600000.00,57.53,3.79
600000.00,57.53,3.79
600000.00,57.53,3.78
600000.00,57.53,3.78
600000.00,57.53,3.78
600000.00,57.39,3.78
600000.00,56.83,3.78
600000.00,56.53,3.78
600000.00,56.28,3.78
600000.00,55.90,3.78
600000.00,55.48,3.78
600000.00,55.15,3.78
600000.00,55.13,3.78
600000.00,55.36,3.78
600000.00,55.58,3.79
600000.00,55.75,3.79
600000.00,56.24,3.79
600000.00,56.70,3.79
600000.00,57.32,3.78
600000.00,57.49,3.78
600000.00,57.31,3.78
600000.00,57.15,3.78
600000.00,56.96,3.81
600000.00,56.81,3.81
600000.00,56.36,3.81
600000.00,56.05,3.81
600000.00,55.77,3.80
600000.00,56.28,3.80
600000.00,56.74,3.80
600000.00,57.20,3.80
600000.00,57.42,3.79
600000.00,56.95,3.79
600000.00,56.58,3.79
600000.00,56.22,3.79
600000.00,55.97,3.79
600000.00,55.88,3.79
600000.00,55.80,3.79
600000.00,55.73,3.79
600000.00,56.12,3.79
600000.00,57.27,3.79
600000.00,58.03,3.79
600000.00,58.62,3.79
600000.00,57.80,3.79
600000.00,57.21,3.79
600000.00,56.62,3.79
600000.00,56.43,3.79
600000.00,57.00,3.78
600000.00,57.37,3.78
600000.00,57.72,3.78
600000.00,57.43,3.78
600000.00,56.21,3.78
600000.00,55.54,3.78
600000.00,55.13,3.78
600000.00,55.53,3.78
600000.00,56.00,3.82
600000.00,56.34,3.82
600000.00,56.62,3.82
600000.00,56.89,3.82
600000.00,57.21,3.79
600000.00,57.46,3.79
600000.00,57.48,3.79
600000.00,57.29,3.79
600000.00,57.09,3.78
600000.00,56.94,3.78
600000.00,56.43,3.78
600000.00,55.92,3.78
600000.00,55.24,3.79
600000.00,55.06,3.79
600000.00,55.84,3.79
600000.00,56.50,3.79
600000.00,57.40,3.79
600000.00,57.42,3.79
600000.00,56.99,3.79
600000.00,56.69,3.79
600000.00,56.38,3.79
600000.00,56.92,3.79
600000.00,57.43,3.79
600000.00,57.94,3.79
600000.00,58.14,3.79
600000.00,57.28,3.79
600000.00,56.62,3.79
600000.00,55.96,3.79
600000.00,55.71,3.78
600000.00,55.71,3.78
600000.00,55.71,3.78
600000.00,55.71,3.78
600000.00,56.25,3.79
600000.00,56.65,3.79
600000.00,57.05,3.79
600000.00,57.28,3.79
600000.00,56.67,3.78
600000.00,56.26,3.78
600000.00,55.84,3.78
600000.00,55.66,3.78
600000.00,55.39,3.79
600000.00,55.23,3.79
600000.00,55.09,3.79
600000.00,55.72,3.79
600000.00,56.58,3.79
600000.00,57.20,3.79
600000.00,57.50,3.79
600000.00,57.32,3.79
600000.00,57.12,3.79
600000.00,56.97,3.79
600000.00,56.82,3.79
600000.00,56.37,3.79
600000.00,55.96,3.78
600000.00,55.75,3.78
600000.00,56.12,3.78
600000.00,56.45,3.78
600000.00,56.90,3.80
600000.00,57.14,3.80
600000.00,57.08,3.80
600000.00,57.03,3.80
600000.00,56.96,3.78
600000.00,56.91,3.78
600000.00,56.77,3.78
600000.00,56.66,3.78
600000.00,56.52,3.79
600000.00,56.43,3.79
600000.00,56.34,3.79
600000.00,56.25,3.79
600000.00,56.25,3.79
600000.00,56.72,3.79
600000.00,57.12,3.79
600000.00,57.52,3.79
600000.00,57.67,3.80
600000.00,57.38,3.80
600000.00,57.18,3.80
600000.00,56.98,3.80
600000.00,56.76,3.78
600000.00,56.27,3.78
600000.00,55.96,3.78
600000.00,55.71,3.78
600000.00,55.71,3.79
600000.00,55.71,3.79
600000.00,55.71,3.79
600000.00,55.94,3.79
600000.00,57.18,3.79
600000.00,57.90,3.79
600000.00,58.65,3.79
600000.00,58.53,3.79
600000.00,58.00,3.77
600000.00,57.71,3.77
600000.00,57.60,3.77
600000.00,58.02,3.77
600000.00,58.50,3.79
600000.00,58.85,3.79
600000.00,58.76,3.79
600000.00,57.87,3.79
600000.00,56.97,3.78
600000.00,56.34,3.78
600000.00,56.32,3.78
600000.00,56.30,3.78
600000.00,56.27,3.80
600000.00,56.25,3.80
600000.00,56.33,3.80
600000.00,56.59,3.80
600000.00,56.82,3.79
600000.00,56.94,3.79
600000.00,56.94,3.79
600000.00,56.94,3.79
600000.00,56.94,3.79
600000.00,56.84,3.79
600000.00,56.43,3.79
600000.00,56.12,3.79
600000.00,55.72,3.79
600000.00,55.92,3.79
600000.00,56.13,3.79
600000.00,56.33,3.79
600000.00,56.58,3.80
600000.00,56.89,3.80
600000.00,57.15,3.80
600000.00,57.40,3.80
600000.00,57.56,3.80
600000.00,57.63,3.80
600000.00,57.68,3.80
600000.00,57.74,3.80
600000.00,57.44,3.79
600000.00,56.62,3.79
600000.00,56.11,3.79
600000.00,55.71,3.79
600000.00,55.71,3.79
600000.00,55.71,3.79
600000.00,55.71,3.79
600000.00,55.76,3.79
600000.00,56.02,3.79
600000.00,56.18,3.79
600000.00,56.34,3.79
600000.00,56.50,3.79
600000.00,56.70,3.78
600000.00,56.85,3.78
600000.00,56.97,3.78
600000.00,57.15,3.78
600000.00,57.35,3.79
600000.00,57.51,3.79
600000.00,57.35,3.79
600000.00,56.70,3.79
600000.00,56.09,3.78
600000.00,55.70,3.78
600000.00,55.52,3.78
600000.00,55.36,3.78
600000.00,55.14,3.79
600000.00,55.15,3.79
600000.00,55.50,3.79
600000.00,55.76,3.79
600000.00,56.12,3.79
600000.00,56.05,3.79
600000.00,55.66,3.79
600000.00,55.38,3.79
600000.00,55.15,3.79
600000.00,55.85,3.79
600000.00,56.47,3.79
600000.00,57.09,3.79
600000.00,57.44,3.79
600000.00,57.05,3.79
600000.00,56.74,3.79
600000.00,56.44,3.79
600000.00,56.42,3.80
600000.00,56.65,3.80
600000.00,56.80,3.80
600000.00,56.94,3.80
600000.00,56.51,3.79
600000.00,56.20,3.79
600000.00,55.89,3.79
600000.00,55.68,3.79
600000.00,55.42,3.79
600000.00,55.26,3.79
600000.00,55.10,3.79
600000.00,55.37,3.79
600000.00,56.56,3.79
600000.00,57.23,3.79
600000.00,57.71,3.79
600000.00,57.31,3.79
600000.00,56.84,3.79
600000.00,56.48,3.79
600000.00,56.43,3.79
600000.00,56.83,3.79
600000.00,57.24,3.79
600000.00,57.53,3.79
600000.00,57.06,3.79
600000.00,56.60,3.79
600000.00,55.99,3.78
600000.00,55.68,3.78
600000.00,55.49,3.78
600000.00,55.32,3.78
600000.00,55.11,3.79
600000.00,55.26,3.79
600000.00,55.91,3.79
600000.00,56.39,3.79
600000.00,56.93,3.78
600000.00,56.77,3.78
600000.00,56.61,3.78
600000.00,56.46,3.78
600000.00,56.59,3.83
600000.00,57.72,3.83
600000.00,58.59,3.83
600000.00,59.47,3.83
600000.00,59.50,3.81
600000.00,57.59,3.81
600000.00,56.19,3.81
600000.00,54.78,3.81
600000.00,55.39,3.79
600000.00,58.13,3.79
600000.00,59.89,3.79
600000.00,61.65,3.79
600000.00,61.85,3.86
600000.00,59.70,3.86
600000.00,58.20,3.86
600000.00,56.69,3.86
600000.00,56.23,3.76
600000.00,56.98,3.76
600000.00,57.50,3.76
600000.00,58.03,3.76
600000.00,57.70,3.73
600000.00,56.62,3.73
600000.00,55.92,3.73
600000.00,55.27,3.73
600000.00,56.04,3.77
600000.00,56.60,3.77
600000.00,57.16,3.77
600000.00,57.68,3.77
600000.00,56.99,3.70
600000.00,56.49,3.70
600000.00,56.00,3.70
600000.00,55.80,3.70
600000.00,56.42,3.73
600000.00,56.82,3.73
600000.00,57.22,3.73
600000.00,57.19,3.73
600000.00,56.51,3.77
600000.00,56.10,3.77
600000.00,55.72,3.77
600000.00,56.33,3.77
600000.00,57.13,3.76
600000.00,57.72,3.76
600000.00,58.03,3.76
600000.00,57.51,3.76
600000.00,56.93,3.77
600000.00,56.49,3.77
600000.00,56.39,3.77
600000.00,56.59,3.77
600000.00,56.79,3.78
600000.00,56.94,3.78
600000.00,56.87,3.78
600000.00,56.64,3.78
600000.00,56.44,3.76
600000.00,56.36,3.76
600000.00,56.48,3.76
600000.00,56.58,3.76
600000.00,56.72,3.74
600000.00,56.72,3.74
600000.00,56.58,3.74
600000.00,56.48,3.74
600000.00,56.34,3.70
600000.00,56.93,3.70
600000.00,57.51,3.70
600000.00,58.10,3.70
600000.00,58.59,3.69
600000.00,58.09,3.69
600000.00,57.65,3.69
600000.00,57.22,3.69
600000.00,56.93,3.75
600000.00,56.86,3.75
600000.00,56.82,3.75
600000.00,56.77,3.75
600000.00,56.62,3.78
600000.00,56.23,3.78
600000.00,55.98,3.78
600000.00,55.72,3.78
600000.00,56.01,3.78
600000.00,56.77,3.78
600000.00,57.22,3.78
600000.00,57.51,3.78
600000.00,57.29,3.78
600000.00,57.15,3.78
600000.00,57.00,3.78
600000.00,56.90,3.78
600000.00,56.64,3.78
600000.00,56.49,3.78
600000.00,56.34,3.78
600000.00,56.77,3.78
600000.00,58.41,3.73
600000.00,59.29,3.73
600000.00,59.90,3.73
600000.00,58.87,3.73
600000.00,57.66,3.69
600000.00,56.74,3.69
600000.00,56.42,3.69
600000.00,56.79,3.69
600000.00,57.17,3.72
600000.00,57.46,3.72
600000.00,57.74,3.72
600000.00,58.46,3.72
600000.00,59.18,3.72
600000.00,59.71,3.72
600000.00,59.63,3.72
600000.00,59.33,3.72
600000.00,59.08,3.75
600000.00,58.90,3.75
600000.00,58.73,3.75
600000.00,58.57,3.75
600000.00,58.36,3.74
600000.00,58.20,3.74
600000.00,57.86,3.74
600000.00,57.55,3.74
600000.00,57.14,3.78
600000.00,57.00,3.78
600000.00,57.34,3.78
600000.00,57.63,3.78
600000.00,58.02,3.77
600000.00,57.94,3.77
600000.00,57.29,3.77
600000.00,56.80,3.77
600000.00,56.17,3.78
600000.00,56.40,3.78
600000.00,57.13,3.78
600000.00,57.61,3.78
600000.00,58.01,3.77
600000.00,57.32,3.77
600000.00,56.73,3.77
600000.00,56.13,3.77
600000.00,55.94,3.78
600000.00,56.91,3.78
600000.00,57.64,3.78
600000.00,58.39,3.78
600000.00,58.47,3.78
600000.00,57.84,3.78
600000.00,57.42,3.78
600000.00,56.99,3.78
600000.00,56.73,3.77
600000.00,56.16,3.77
600000.00,55.82,3.77
600000.00,55.56,3.77
600000.00,55.62,3.77
600000.00,55.66,3.77
600000.00,55.70,3.77
600000.00,55.80,3.77
600000.00,56.30,3.77
600000.00,56.61,3.77
600000.00,56.91,3.77
600000.00,56.92,3.77
600000.00,56.84,3.76
600000.00,56.79,3.76
600000.00,56.76,3.76
600000.00,56.81,3.76
600000.00,56.88,3.76
600000.00,56.92,3.76
600000.00,56.94,3.76
600000.00,56.94,3.76
600000.00,56.94,3.77
600000.00,56.94,3.77
600000.00,56.81,3.77
600000.00,56.37,3.77
600000.00,55.97,3.76
600000.00,55.71,3.76
600000.00,55.71,3.76
600000.00,55.71,3.76
600000.00,55.71,3.78
600000.00,55.75,3.78
600000.00,55.95,3.78
600000.00,56.10,3.78
600000.00,56.31,3.78
600000.00,56.44,3.78
600000.00,56.78,3.78
600000.00,57.03,3.78
600000.00,57.34,3.78
600000.00,57.39,3.78
600000.00,57.44,3.78
600000.00,57.49,3.78
600000.00,57.53,3.77
600000.00,57.53,3.77
600000.00,57.53,3.77
600000.00,57.53,3.77
600000.00,57.59,3.78
600000.00,57.79,3.78
600000.00,57.93,3.78
600000.00,58.08,3.78
600000.00,57.92,3.77
600000.00,57.40,3.77
600000.00,57.07,3.77
600000.00,56.75,3.77
600000.00,56.61,3.76
600000.00,56.50,3.76
600000.00,56.40,3.76
600000.00,56.54,3.76
600000.00,58.07,3.76
600000.00,59.06,3.76
600000.00,60.06,3.76
600000.00,60.29,3.76
600000.00,58.84,3.70
600000.00,57.92,3.70
600000.00,57.02,3.70
600000.00,57.02,3.70
600000.00,57.33,3.70
600000.00,57.50,3.70
600000.00,57.67,3.70
600000.00,57.65,3.70
600000.00,57.50,3.72
600000.00,57.41,3.72
600000.00,57.33,3.72
600000.00,57.22,3.72
600000.00,57.09,3.69
600000.00,56.99,3.69
600000.00,56.94,3.69
600000.00,56.94,3.69
600000.00,56.94,3.69
600000.00,56.94,3.69
600000.00,56.81,3.69
600000.00,56.32,3.69
600000.00,55.85,3.69
600000.00,55.58,3.69
600000.00,55.95,3.69
600000.00,56.30,3.69
600000.00,56.75,3.69
600000.00,56.94,3.69
600000.00,56.94,3.69
600000.00,56.94,3.69
600000.00,56.94,3.70
600000.00,57.15,3.70
600000.00,57.91,3.70
600000.00,58.46,3.70
600000.00,59.21,3.77
600000.00,58.99,3.77
600000.00,58.76,3.77
600000.00,58.54,3.77
600000.00,58.24,3.79
600000.00,57.99,3.79
600000.00,57.24,3.79
600000.00,56.72,3.79
600000.00,56.25,3.78
600000.00,56.95,3.78
600000.00,57.57,3.78
600000.00,58.19,3.78
600000.00,58.55,3.78
600000.00,58.00,3.78
600000.00,57.57,3.78
600000.00,57.14,3.78
600000.00,56.92,3.77
600000.00,56.86,3.77
600000.00,56.81,3.77
600000.00,56.76,3.77
600000.00,56.87,3.78
600000.00,57.19,3.78
600000.00,57.38,3.78
600000.00,57.55,3.78
600000.00,57.75,3.78
600000.00,57.89,3.78
600000.00,58.03,3.78
600000.00,58.01,3.78
600000.00,57.31,3.78
600000.00,56.87,3.78
600000.00,56.43,3.78
600000.00,56.44,3.78
600000.00,56.86,3.77
600000.00,57.11,3.77
600000.00,57.32,3.77
600000.00,57.06,3.77
600000.00,56.73,3.77
600000.00,56.48,3.77
600000.00,56.40,3.77
600000.00,56.76,3.77
600000.00,57.16,3.78
600000.00,57.46,3.78
600000.00,57.36,3.78
600000.00,56.72,3.78
600000.00,56.12,3.77
600000.00,55.73,3.77
600000.00,56.05,3.77
600000.00,56.36,3.77
600000.00,56.77,3.78
600000.00,56.91,3.78
600000.00,56.73,3.78
600000.00,56.58,3.78
600000.00,56.37,3.78
600000.00,56.26,3.78
600000.00,56.00,3.78
600000.00,55.81,3.78
600000.00,55.56,3.78
600000.00,55.80,3.78
600000.00,56.54,3.78
600000.00,57.04,3.78
600000.00,57.53,3.78
600000.00,57.53,3.78
600000.00,57.53,3.78
600000.00,57.53,3.78
600000.00,57.50,3.78
600000.00,57.38,3.78
600000.00,57.28,3.78
600000.00,57.19,3.78
600000.00,57.62,3.86
600000.00,59.26,3.86
600000.00,60.42,3.86
600000.00,61.58,3.86
600000.00,62.62,3.83
600000.00,61.27,3.83
600000.00,60.07,3.83
600000.00,58.89,3.83
600000.00,57.31,3.80
600000.00,56.85,3.80
600000.00,56.40,3.80
600000.00,55.94,3.80
600000.00,55.48,3.78
600000.00,56.42,3.78
600000.00,57.28,3.78
600000.00,58.15,3.78
600000.00,59.24,3.82
600000.00,58.48,3.82
600000.00,57.74,3.82
600000.00,57.00,3.82
600000.00,56.15,3.78
600000.00,55.98,3.78
600000.00,55.84,3.78
600000.00,55.69,3.78
600000.00,55.60,3.78
600000.00,55.90,3.78
600000.00,56.14,3.78
600000.00,56.38,3.78
600000.00,56.73,3.79
600000.00,57.45,3.79
600000.00,58.03,3.79
600000.00,58.61,3.79
600000.00,58.74,3.78
600000.00,57.83,3.78
600000.00,57.16,3.78
600000.00,56.49,3.78
600000.00,56.15,3.79
600000.00,56.09,3.79
600000.00,56.05,3.79
600000.00,56.01,3.79
600000.00,56.49,3.81
600000.00,57.98,3.81
600000.00,58.98,3.81
600000.00,59.98,3.81
600000.00,60.11,3.84
600000.00,58.77,3.84
600000.00,57.82,3.84
600000.00,56.87,3.84
600000.00,56.45,3.80
600000.00,56.57,3.80
600000.00,56.65,3.80
600000.00,56.73,3.80
600000.00,56.83,3.81
600000.00,57.04,3.81
600000.00,57.18,3.81
600000.00,57.32,3.81
600000.00,57.71,3.81
600000.00,58.71,3.81
600000.00,59.33,3.81
600000.00,59.94,3.81
600000.00,59.50,3.83
600000.00,58.18,3.83
600000.00,57.37,3.83
600000.00,56.58,3.83
600000.00,56.58,3.81
600000.00,56.58,3.81
600000.00,56.58,3.81
600000.00,56.57,3.81
600000.00,56.43,3.80
600000.00,56.33,3.80
600000.00,56.23,3.80
600000.00,56.21,3.80
600000.00,56.56,3.80
600000.00,56.79,3.80
600000.00,57.02,3.80
600000.00,57.28,3.80
600000.00,58.16,3.82
600000.00,58.72,3.82
600000.00,59.27,3.82
600000.00,59.15,3.82
600000.00,57.27,3.80
600000.00,56.14,3.80
600000.00,55.02,3.80
600000.00,54.93,3.80
600000.00,55.49,3.80
600000.00,55.82,3.80
600000.00,56.15,3.80
600000.00,56.42,3.80
600000.00,57.43,3.81
600000.00,57.97,3.81
600000.00,58.39,3.81
600000.00,57.63,3.81
600000.00,56.68,3.82
600000.00,55.97,3.82
600000.00,55.26,3.82
600000.00,55.34,3.82
600000.00,55.43,3.80
600000.00,55.50,3.80
600000.00,55.55,3.80
600000.00,55.51,3.80
600000.00,55.46,3.80
600000.00,55.43,3.80
600000.00,55.61,3.80
600000.00,56.88,3.80
600000.00,58.30,3.80
600000.00,59.35,3.80
600000.00,60.01,3.80
600000.00,60.08,3.80
600000.00,60.17,3.85
600000.00,60.23,3.85
600000.00,60.11,3.85
600000.00,59.39,3.85
600000.00,58.65,3.84
600000.00,58.10,3.84
600000.00,57.89,3.84
600000.00,57.89,3.84
600000.00,57.89,3.81
600000.00,57.89,3.81
600000.00,58.00,3.81
600000.00,58.36,3.81
600000.00,58.71,3.80
600000.00,58.97,3.80
600000.00,58.71,3.80
600000.00,57.92,3.80
600000.00,57.21,3.80
600000.00,56.73,3.80
600000.00,56.38,3.80
600000.00,56.06,3.80
600000.00,55.62,3.80
600000.00,55.54,3.80
600000.00,56.44,3.80
600000.00,57.20,3.80
600000.00,58.26,3.84
600000.00,58.68,3.84
600000.00,58.77,3.84
600000.00,58.85,3.84
600000.00,58.94,3.81
600000.00,58.73,3.81
600000.00,57.63,3.81
600000.00,56.76,3.81
600000.00,55.58,3.81
600000.00,55.33,3.81
600000.00,55.62,3.81
600000.00,55.84,3.81
600000.00,56.13,3.81
600000.00,56.22,3.81
600000.00,56.42,3.81
600000.00,56.57,3.81
600000.00,56.75,3.81
600000.00,56.76,3.81
600000.00,56.76,3.81
600000.00,56.76,3.81
600000.00,56.76,3.81
600000.00,56.81,3.81
600000.00,56.86,3.81
600000.00,56.90,3.81
600000.00,56.98,3.80
600000.00,57.30,3.80
600000.00,57.61,3.80
600000.00,57.92,3.80
600000.00,58.18,3.80
600000.00,57.78,3.80
600000.00,57.43,3.80
600000.00,57.08,3.80
600000.00,56.65,3.81
600000.00,56.09,3.81
600000.00,55.62,3.81
600000.00,55.13,3.81
600000.00,54.95,3.81
600000.00,55.66,3.81
600000.00,56.21,3.81
600000.00,56.76,3.81
600000.00,57.06,3.85
600000.00,56.71,3.85
600000.00,56.46,3.85
600000.00,56.20,3.85
600000.00,56.05,3.83
600000.00,56.28,3.83
600000.00,56.46,3.83
600000.00,56.64,3.83
600000.00,56.84,3.81
600000.00,57.15,3.81
600000.00,57.37,3.81
600000.00,57.59,3.81
600000.00,57.78,3.81
600000.00,58.04,3.81
600000.00,58.22,3.81
600000.00,58.40,3.81
600000.00,58.22,3.80
600000.00,57.59,3.80
600000.00,57.18,3.80
600000.00,56.78,3.80
600000.00,56.87,3.81
600000.00,57.14,3.81
600000.00,57.31,3.81
600000.00,57.48,3.81
600000.00,57.78,3.81
600000.00,58.54,3.81
600000.00,59.02,3.81
600000.00,59.49,3.81
600000.00,59.05,3.78
600000.00,57.96,3.78
600000.00,57.30,3.78
600000.00,56.82,3.78
600000.00,57.75,3.79
600000.00,58.40,3.79
600000.00,59.06,3.79
600000.00,59.73,3.79
600000.00,59.09,3.83
600000.00,57.42,3.83
600000.00,56.41,3.83
600000.00,55.55,3.83
600000.00,55.50,3.79
600000.00,55.47,3.79
600000.00,55.43,3.79
600000.00,55.49,3.79
600000.00,56.40,3.78
600000.00,56.99,3.78
600000.00,57.59,3.78
600000.00,57.95,3.78
600000.00,58.35,3.83
600000.00,58.60,3.83
600000.00,58.84,3.83
600000.00,58.90,3.83
600000.00,58.42,3.80
600000.00,58.12,3.80
600000.00,57.80,3.80
600000.00,57.57,3.80
600000.00,56.97,3.81
600000.00,56.61,3.81
600000.00,56.24,3.81
600000.00,56.16,3.81
600000.00,56.16,3.80
600000.00,56.16,3.80
600000.00,56.16,3.80
600000.00,56.15,3.80
600000.00,56.07,3.80
600000.00,56.03,3.80
600000.00,56.03,3.80
600000.00,56.39,3.80
600000.00,56.84,3.81
600000.00,57.18,3.81
600000.00,57.49,3.81
600000.00,57.12,3.81
600000.00,56.63,3.79
600000.00,56.26,3.79
600000.00,56.01,3.79
600000.00,56.05,3.79
600000.00,56.10,3.79
600000.00,56.14,3.79
600000.00,56.10,3.79
600000.00,55.73,3.79
600000.00,55.32,3.79
600000.00,55.03,3.79
600000.00,55.08,3.79
600000.00,55.67,3.79
600000.00,56.27,3.80
600000.00,56.70,3.80
600000.00,56.70,3.80
600000.00,56.53,3.80
600000.00,56.36,3.80
600000.00,56.26,3.80
600000.00,56.51,3.80
600000.00,56.76,3.80
600000.00,57.09,3.80
600000.00,57.33,3.80
600000.00,57.26,3.80
600000.00,57.05,3.80
600000.00,56.86,3.80
600000.00,56.76,3.80
600000.00,56.76,3.80
600000.00,56.76,3.80
600000.00,56.76,3.81
600000.00,56.76,3.81
600000.00,56.76,3.81
600000.00,56.76,3.81
600000.00,56.76,3.81
600000.00,56.76,3.81
600000.00,56.76,3.81
600000.00,56.76,3.81
600000.00,56.76,3.80
600000.00,57.01,3.80
600000.00,57.85,3.80
600000.00,58.43,3.80
600000.00,59.21,3.83
600000.00,58.62,3.83
600000.00,58.03,3.83
600000.00,57.43,3.83
600000.00,56.74,3.81
600000.00,56.59,3.81
600000.00,56.44,3.81
600000.00,56.30,3.81
600000.00,56.16,3.81
600000.00,56.16,3.81
600000.00,56.16,3.81
600000.00,56.16,3.81
600000.00,56.16,3.80
600000.00,56.16,3.80
600000.00,56.16,3.80
600000.00,56.16,3.80
600000.00,56.10,3.81
600000.00,55.90,3.81
600000.00,55.75,3.81
600000.00,55.60,3.81
600000.00,56.11,3.84
600000.00,57.77,3.84
600000.00,58.85,3.84
600000.00,59.93,3.84
600000.00,60.08,3.84
600000.00,58.62,3.84
600000.00,57.58,3.84
600000.00,56.54,3.84
600000.00,56.49,3.81
600000.00,57.49,3.81
600000.00,58.18,3.81
600000.00,58.84,3.81
600000.00,58.75,3.82
600000.00,58.14,3.82
600000.00,57.75,3.82
600000.00,57.36,3.82
600000.00,57.04,3.81
600000.00,56.27,3.81
600000.00,55.81,3.81
600000.00,55.45,3.81
600000.00,56.47,3.83
600000.00,57.18,3.83
600000.00,57.89,3.83
600000.00,58.60,3.83
600000.00,58.57,3.80
600000.00,57.80,3.80
600000.00,57.29,3.80
600000.00,56.78,3.80
600000.00,56.61,3.81
600000.00,56.22,3.81
600000.00,55.98,3.81
600000.00,55.75,3.81
600000.00,56.27,4.00
600000.00,57.86,4.00
600000.00,58.88,4.00
600000.00,59.90,4.00
600000.00,61.26,4.00
600000.00,61.23,4.00
600000.00,59.29,4.00
600000.00,57.80,4.00
600000.00,55.79,3.84
600000.00,55.93,3.84
600000.00,56.60,3.84
600000.00,57.05,3.84
600000.00,57.53,3.84
600000.00,57.53,3.84
600000.00,57.53,3.84
600000.00,57.53,3.84
600000.00,57.49,3.83
600000.00,57.29,3.83
600000.00,57.15,3.83
600000.00,57.00,3.83
600000.00,56.87,3.83
600000.00,56.64,3.83
600000.00,56.49,3.83
600000.00,56.35,3.83
600000.00,57.13,3.84
600000.00,57.71,3.84
600000.00,58.30,3.84
600000.00,58.51,3.84
600000.00,57.18,3.83
600000.00,56.29,3.83
600000.00,55.42,3.83
600000.00,55.24,3.83
600000.00,55.32,3.85
600000.00,55.36,3.85
600000.00,55.40,3.85
600000.00,55.62,3.85
600000.00,56.45,3.86
600000.00,56.91,3.86
600000.00,57.33,3.86
600000.00,57.33,3.86
600000.00,57.33,3.87
600000.00,57.33,3.87
600000.00,57.30,3.87
600000.00,56.98,3.87
600000.00,56.60,3.90
600000.00,56.33,3.90
600000.00,56.16,3.90
600000.00,56.16,3.90
600000.00,56.16,3.87
600000.00,56.16,3.87
600000.00,56.21,3.87
600000.00,56.40,3.87
600000.00,56.59,3.86
600000.00,56.74,3.86
600000.00,56.85,3.86
600000.00,57.16,3.86
600000.00,57.45,3.88
600000.00,57.67,3.88
600000.00,57.51,3.88
600000.00,56.92,3.88
600000.00,56.39,3.89
600000.00,56.01,3.89
600000.00,56.33,3.89
600000.00,56.65,3.89
600000.00,57.07,3.90
600000.00,57.32,3.90
600000.00,57.12,3.90
600000.00,56.94,3.90
600000.00,56.70,3.90
600000.00,56.63,3.90
600000.00,56.98,3.90
600000.00,57.29,3.90
600000.00,57.71,3.94
600000.00,58.02,3.94
600000.00,57.92,3.94
600000.00,57.61,3.94
600000.00,57.34,3.91
600000.00,57.15,3.91
600000.00,57.54,3.91
600000.00,57.93,3.91
600000.00,58.43,3.90
600000.00,58.78,3.90
600000.00,59.24,3.90
600000.00,59.67,3.90
600000.00,60.23,3.90
600000.00,60.65,3.90
600000.00,61.54,3.90
600000.00,64.44,3.90
600000.00,67.33,3.94
600000.00,69.45,3.94
600000.00,71.56,3.94
600000.00,73.04,3.94
600000.00,73.63,4.31
600000.00,74.03,4.31
600000.00,74.42,4.31
600000.00,74.81,4.31
600000.00,75.36,4.03
600000.00,76.39,4.03
600000.00,77.31,4.03
600000.00,78.24,4.03
600000.00,79.24,4.11
600000.00,79.45,4.11
600000.00,79.64,4.11
600000.00,79.83,4.11
600000.00,79.94,4.10
600000.00,79.60,4.10
600000.00,79.31,4.10
600000.00,79.03,4.10
600000.00,78.60,4.08
600000.00,77.65,4.08
600000.00,76.84,4.08
600000.00,76.03,4.08
600000.00,75.03,4.09
600000.00,76.71,4.09
600000.00,78.35,4.09
600000.00,80.03,4.09
600000.00,81.97,4.13
600000.00,80.58,4.13
600000.00,79.26,4.13
600000.00,77.94,4.13
600000.00,76.24,4.09
600000.00,75.82,4.09
600000.00,75.40,4.09
600000.00,74.99,4.09
600000.00,74.42,4.18
600000.00,74.33,4.18
600000.00,76.09,4.18
600000.00,77.63,4.18
600000.00,79.67,4.24
600000.00,81.21,4.24
600000.00,81.28,4.24
600000.00,81.17,4.24
600000.00,81.07,4.24
600000.00,80.99,4.24
600000.00,81.10,4.24
600000.00,81.83,4.24
600000.00,82.62,4.02
600000.00,83.21,4.02
600000.00,83.80,4.02
600000.00,84.40,4.02
600000.00,85.17,4.31
600000.00,85.76,4.31
600000.00,86.33,4.31
600000.00,87.13,4.31
600000.00,88.16,4.21
600000.00,88.93,4.21
600000.00,89.69,4.21
600000.00,90.46,4.21
600000.00,91.51,4.32
600000.00,92.28,4.32
600000.00,93.04,4.32
600000.00,93.21,4.32
600000.00,93.56,4.30
600000.00,93.76,4.30
600000.00,93.96,4.30
600000.00,94.16,4.30
600000.00,94.42,4.33
600000.00,94.62,4.33
600000.00,94.82,4.33
600000.00,95.02,4.33
600000.00,95.28,4.44
600000.00,94.95,4.44
600000.00,93.96,4.44
600000.00,93.29,4.44
600000.00,92.38,4.59
600000.00,91.71,4.59
600000.00,91.03,4.59
600000.00,90.37,4.59
600000.00,89.50,4.03
600000.00,89.65,4.03
600000.00,90.19,4.03
600000.00,90.56,4.03
600000.00,91.06,4.38
600000.00,91.42,4.38
600000.00,91.79,4.38
600000.00,92.15,4.38
600000.00,92.64,4.18
600000.00,93.01,4.18
600000.00,93.37,4.18
600000.00,93.74,4.18
600000.00,93.91,4.32
600000.00,94.30,4.32
600000.00,94.54,4.32
600000.00,94.78,4.32
600000.00,95.11,4.31
600000.00,95.36,4.31
600000.00,95.60,4.31
600000.00,95.84,4.31
600000.00,96.16,4.31
600000.00,96.40,4.31
600000.00,96.41,4.31
1200000.00,33.95,3.63
1200000.00,32.67,3.63
1200000.00,32.18,4.12
1200000.00,31.09,4.12
1200000.00,30.77,4.12
1200000.00,30.77,4.12
1200000.00,30.77,4.13
1200000.00,30.77,4.13
1200000.00,30.94,4.13
1200000.00,32.30,4.13
1200000.00,33.24,4.13
1200000.00,32.77,4.13
1200000.00,32.40,4.13
1200000.00,31.51,4.13
1200000.00,31.09,4.13
1200000.00,32.95,4.13
1200000.00,34.07,4.13
1200000.00,33.27,4.13
1200000.00,32.35,4.16
1200000.00,31.07,4.16
1200000.00,30.01,4.16
1200000.00,30.37,4.16
1200000.00,30.85,4.13
1200000.00,31.73,4.13
1200000.00,32.49,4.13
1200000.00,31.70,4.13
1200000.00,30.77,4.14
1200000.00,30.77,4.14
1200000.00,30.77,4.14
1200000.00,29.82,4.14
1200000.00,26.38,4.14
1200000.00,29.24,4.14
1200000.00,32.09,4.14
1200000.00,32.17,4.14
1200000.00,30.80,4.14
1200000.00,31.15,4.14
1200000.00,32.31,4.14
1200000.00,32.91,4.14
1200000.00,34.78,4.14
1200000.00,34.73,4.14
1200000.00,34.24,4.14
1200000.00,33.60,4.14
1200000.00,30.95,4.14
1200000.00,30.77,4.14
1200000.00,30.77,4.14
1200000.00,31.03,4.14
1200000.00,32.34,4.14
1200000.00,32.19,4.14
1200000.00,31.10,4.14
1200000.00,30.77,4.14
1200000.00,30.77,4.13
1200000.00,31.06,4.13
1200000.00,32.14,4.13
1200000.00,32.40,4.13
1200000.00,31.83,4.14
1200000.00,31.29,4.14
1200000.00,29.62,4.14
1200000.00,29.32,4.14
1200000.00,31.90,4.15
1200000.00,32.25,4.15
1200000.00,31.22,4.15
1200000.00,31.10,4.15
1200000.00,33.45,4.15
1200000.00,33.95,4.15
1200000.00,32.98,4.15
1200000.00,32.75,4.15
1200000.00,34.98,4.15
1200000.00,34.95,4.15
1200000.00,31.13,4.15
1200000.00,29.01,4.15
1200000.00,29.72,4.14
1200000.00,29.90,4.14
1200000.00,29.33,4.14
1200000.00,29.03,4.14
1200000.00,30.21,4.14
1200000.00,30.84,4.14
1200000.00,31.33,4.14
1200000.00,31.77,4.14
1200000.00,33.34,4.16
1200000.00,34.04,4.16
1200000.00,33.20,4.16
1200000.00,32.50,4.16
1200000.00,32.50,4.15
1200000.00,32.34,4.15
1200000.00,30.24,4.15
1200000.00,28.30,4.15
1200000.00,29.20,4.15
1200000.00,31.55,4.15
1200000.00,30.80,4.15
1200000.00,30.08,4.15
1200000.00,31.18,4.15
1200000.00,34.11,4.15
1200000.00,32.53,4.15
1200000.00,31.00,4.15
1200000.00,30.28,4.15
1200000.00,28.98,4.15
1200000.00,30.42,4.15
1200000.00,34.96,4.15
1200000.00,33.77,4.14
1200000.00,28.31,4.14
1200000.00,28.37,4.14
1200000.00,31.56,4.14
1200000.00,32.14,4.15
1200000.00,31.02,4.15
1200000.00,30.77,4.15
1200000.00,30.77,4.15
1200000.00,30.77,4.14
1200000.00,30.77,4.14
1200000.00,30.91,4.14
1200000.00,31.48,4.14
1200000.00,31.85,4.15
1200000.00,32.35,4.15
1200000.00,32.27,4.15
1200000.00,31.26,4.15
1200000.00,30.13,4.15
1200000.00,27.80,4.15
1200000.00,27.49,4.15
1200000.00,29.64,4.15
1200000.00,30.90,4.17
1200000.00,31.45,4.17
1200000.00,31.63,4.17
1200000.00,31.12,4.17
1200000.00,30.97,4.15
1200000.00,31.95,4.15
1200000.00,32.33,4.15
1200000.00,31.02,4.15
1200000.00,29.89,4.15
1200000.00,29.31,4.15
1200000.00,28.95,4.15
1200000.00,28.95,4.15
1200000.00,29.51,4.14
1200000.00,33.16,4.14
1200000.00,35.65,4.14
1200000.00,34.88,4.14
1200000.00,33.75,4.14
1200000.00,30.67,4.14
1200000.00,28.34,4.14
1200000.00,31.11,4.14
1200000.00,33.96,4.15
1200000.00,32.24,4.15
1200000.00,30.77,4.15
1200000.00,30.77,4.15
1200000.00,30.84,4.15
1200000.00,31.69,4.15
1200000.00,32.50,4.15
1200000.00,32.32,4.15
1200000.00,31.74,4.15
1200000.00,32.88,4.15
1200000.00,33.98,4.15
1200000.00,33.12,4.15
1200000.00,28.95,4.14
1200000.00,29.19,4.14
1200000.00,29.90,4.14
1200000.00,29.81,4.14
1200000.00,28.99,4.15
1200000.00,30.38,4.15
1200000.00,34.88,4.15
1200000.00,34.89,4.15
1200000.00,31.07,4.15
1200000.00,30.40,4.15
1200000.00,29.21,4.15
1200000.00,29.49,4.15
1200000.00,32.21,4.15
1200000.00,32.04,4.15
1200000.00,30.45,4.15
1200000.00,29.85,4.15
1200000.00,29.08,4.15
1200000.00,29.53,4.15
1200000.00,31.76,4.15
1200000.00,32.79,4.15
1200000.00,34.53,4.15
1200000.00,33.98,4.15
1200000.00,30.38,4.15
1200000.00,29.32,4.15
1200000.00,31.83,4.15
1200000.00,32.26,4.15
1200000.00,31.25,4.15
1200000.00,30.61,4.15
1200000.00,29.33,4.16
1200000.00,29.07,4.16
1200000.00,29.68,4.16
1200000.00,30.44,4.16
1200000.00,34.32,4.15
1200000.00,35.38,4.15
1200000.00,33.58,4.15
1200000.00,32.40,4.15
1200000.00,31.26,4.16
1200000.00,30.92,4.16
1200000.00,31.85,4.16
1200000.00,32.40,4.16
1200000.00,30.78,4.15
1200000.00,30.18,4.15
1200000.00,31.49,4.15
1200000.00,32.50,4.15
1200000.00,32.50,4.15
1200000.00,32.31,4.15
1200000.00,30.51,4.15
1200000.00,29.03,4.15
1200000.00,38.49,4.35
1200000.00,45.57,4.35
1200000.00,48.69,4.35
1200000.00,55.14,4.35
1200000.00,57.78,4.82
1200000.00,58.73,4.82
1200000.00,58.99,4.82
1200000.00,58.47,4.82
1200000.00,57.61,4.77
1200000.00,55.28,4.77
1200000.00,54.11,4.77
1200000.00,56.92,4.77
1200000.00,59.14,4.79
1200000.00,56.21,4.79
1200000.00,53.89,4.79
1200000.00,55.13,4.79
1200000.00,56.58,4.77
1200000.00,58.34,4.77
1200000.00,59.93,4.77
1200000.00,59.42,4.77
1200000.00,57.22,4.78
1200000.00,56.70,4.78
1200000.00,55.30,4.78
1200000.00,55.54,4.78
1200000.00,58.21,4.77
1200000.00,57.91,4.77
1200000.00,55.71,4.77
1200000.00,55.62,4.77
1200000.00,59.21,4.77
1200000.00,59.64,4.77
1200000.00,58.17,4.77
1200000.00,57.28,4.77
1200000.00,55.54,4.78
1200000.00,55.30,4.78
1200000.00,56.72,4.78
1200000.00,57.41,4.78
1200000.00,56.51,4.80
1200000.00,56.18,4.80
1200000.00,56.72,4.80
1200000.00,57.10,4.80
1200000.00,55.95,4.73
1200000.00,55.25,4.73
1200000.00,55.12,4.73
1200000.00,55.00,4.73
1200000.00,55.41,4.77
1200000.00,56.42,4.77
1200000.00,56.77,4.77
1200000.00,57.10,4.77
1200000.00,57.24,4.77
1200000.00,57.50,4.77
1200000.00,56.37,4.77
1200000.00,55.25,4.77
1200000.00,55.62,4.77
1200000.00,57.37,4.77
1200000.00,57.50,4.77
1200000.00,57.50,4.77
1200000.00,57.86,4.78
1200000.00,58.94,4.78
1200000.00,58.62,4.78
1200000.00,56.95,4.78
1200000.00,56.12,4.78
1200000.00,55.19,4.78
1200000.00,55.55,4.78
1200000.00,57.71,4.78
1200000.00,58.28,4.77
1200000.00,57.40,4.77
1200000.00,57.05,4.77
1200000.00,56.62,4.77
1200000.00,56.00,4.75
1200000.00,54.43,4.75
1200000.00,53.83,4.75
1200000.00,53.72,4.75
1200000.00,53.69,4.70
1200000.00,53.80,4.70
1200000.00,53.93,4.70
1200000.00,54.39,4.70
1200000.00,55.07,4.80
1200000.00,57.08,4.80
1200000.00,58.47,4.80
1200000.00,57.44,4.80
1200000.00,56.39,4.79
1200000.00,56.23,4.79
1200000.00,56.11,4.79
1200000.00,56.75,4.79
1200000.00,57.58,4.79
1200000.00,58.78,4.79
1200000.00,59.89,4.79
1200000.00,58.99,4.79
1200000.00,55.00,4.79
1200000.00,55.64,4.79
1200000.00,56.28,4.79
1200000.00,56.61,4.79
1200000.00,57.44,4.79
1200000.00,56.78,4.79
1200000.00,54.41,4.79
1200000.00,54.06,4.79
1200000.00,55.14,4.80
1200000.00,55.26,4.80
1200000.00,55.26,4.80
1200000.00,55.76,4.80
1200000.00,58.57,4.80
1200000.00,58.84,4.80
1200000.00,57.88,4.80
1200000.00,57.39,4.80
1200000.00,56.61,4.80
1200000.00,56.22,4.80
1200000.00,55.40,4.80
1200000.00,55.21,4.80
1200000.00,56.90,4.80
1200000.00,57.24,4.80
1200000.00,55.87,4.80
1200000.00,55.07,4.80
1200000.00,55.98,4.79
1200000.00,56.39,4.79
1200000.00,56.22,4.79
1200000.00,56.17,4.79
1200000.00,57.99,4.79
1200000.00,58.98,4.79
1200000.00,57.68,4.79
1200000.00,56.46,4.79
1200000.00,56.41,4.79
1200000.00,56.42,4.79
1200000.00,56.77,4.79
1200000.00,57.10,4.79
1200000.00,57.24,4.79
1200000.00,57.50,4.79
1200000.00,56.37,4.79
1200000.00,55.26,4.79
1200000.00,55.26,4.80
1200000.00,56.01,4.80
1200000.00,56.36,4.80
1200000.00,57.26,4.80
1200000.00,56.97,4.80
1200000.00,55.33,4.80
1200000.00,55.22,4.80
1200000.00,56.08,4.80
1200000.00,56.73,4.80
1200000.00,57.83,4.80
1200000.00,57.91,4.80
1200000.00,56.90,4.80
1200000.00,56.52,4.79
1200000.00,56.96,4.79
1200000.00,57.07,4.79
1200000.00,56.67,4.79
1200000.00,56.37,4.80
1200000.00,56.19,4.80
1200000.00,56.30,4.80
1200000.00,57.56,4.80
1200000.00,58.59,4.83
1200000.00,58.88,4.83
1200000.00,58.97,4.83
1200000.00,57.04,4.83
1200000.00,55.00,4.79
1200000.00,55.00,4.79
1200000.00,55.00,4.79
1200000.00,55.76,4.79
1200000.00,58.48,4.80
1200000.00,56.97,4.80
1200000.00,55.47,4.80
1200000.00,55.21,4.80
1200000.00,55.00,4.82
1200000.00,55.54,4.82
1200000.00,57.22,4.82
1200000.00,57.61,4.82
1200000.00,58.10,4.81
1200000.00,57.80,4.81
1200000.00,56.68,4.81
1200000.00,56.57,4.81
1200000.00,57.38,4.81
1200000.00,57.31,4.81
1200000.00,56.63,4.81
1200000.00,56.37,4.81
1200000.00,56.14,4.81
1200000.00,56.92,4.81
1200000.00,60.12,4.81
1200000.00,60.56,4.81
1200000.00,55.28,4.80
1200000.00,54.18,4.80
1200000.00,55.69,4.80
1200000.00,56.41,4.80
1200000.00,56.41,4.81
1200000.00,56.60,4.81
1200000.00,57.57,4.81
1200000.00,58.04,4.81
1200000.00,56.91,4.81
1200000.00,56.20,4.81
1200000.00,54.84,4.81
1200000.00,53.97,4.81
1200000.00,56.65,4.80
1200000.00,58.06,4.80
1200000.00,57.21,4.80
1200000.00,56.43,4.80
1200000.00,56.00,4.81
1200000.00,55.08,4.81
1200000.00,57.62,4.81
1200000.00,60.13,4.81
1200000.00,59.95,4.82
1200000.00,58.57,4.82
1200000.00,57.52,4.82
1200000.00,54.39,4.82
1200000.00,54.47,4.81
1200000.00,56.25,4.81
1200000.00,57.01,4.81
1200000.00,59.01,4.81
1200000.00,59.94,4.83
1200000.00,61.18,4.83
1200000.00,60.26,4.83
1200000.00,56.30,4.83
1200000.00,55.28,4.83
1200000.00,56.19,4.83
1200000.00,56.52,4.83
1200000.00,56.96,4.83
1200000.00,57.55,4.81
1200000.00,59.03,4.81
1200000.00,59.15,4.81
1200000.00,57.35,4.81
1200000.00,56.02,4.82
1200000.00,54.48,4.82
1200000.00,54.32,4.82
1200000.00,56.90,4.82
1200000.00,58.78,4.82
1200000.00,59.88,4.82
1200000.00,59.97,4.82
1200000.00,56.52,4.82
1200000.00,54.32,4.82
1200000.00,56.91,4.82
1200000.00,58.43,4.82
1200000.00,57.36,4.82
1200000.00,56.38,4.82
1200000.00,56.22,4.82
1200000.00,56.15,4.82
1200000.00,56.82,4.82
1200000.00,57.37,4.81
1200000.00,56.13,4.81
1200000.00,55.02,4.81
1200000.00,55.68,4.81
1200000.00,58.08,4.80
1200000.00,56.63,4.80
1200000.00,55.21,4.80
1200000.00,55.05,4.80
1200000.00,55.25,4.81
1200000.00,55.64,4.81
1200000.00,56.86,4.81
1200000.00,56.83,4.81
1200000.00,55.23,4.80
1200000.00,55.05,4.80
1200000.00,55.21,4.80
1200000.00,55.49,4.80
1200000.00,56.82,4.81
1200000.00,57.04,4.81
1200000.00,56.61,4.81
1200000.00,56.28,4.81
1200000.00,55.31,4.81
1200000.00,55.29,4.81
1200000.00,56.70,4.81
1200000.00,57.41,4.81
1200000.00,56.46,4.81
1200000.00,56.13,4.81
1200000.00,56.30,4.81
1200000.00,56.30,4.81
1200000.00,54.67,4.82
1200000.00,54.14,4.82
1200000.00,56.54,4.82
1200000.00,58.48,4.82
1200000.00,55.55,4.81
1200000.00,54.00,4.81
1200000.00,55.78,4.81
1200000.00,57.41,4.81
1200000.00,56.79,4.82
1200000.00,55.05,4.82
1200000.00,57.53,4.82
1200000.00,59.95,4.82
1200000.00,59.08,4.81
1200000.00,55.24,4.81
1200000.00,55.29,4.81
1200000.00,56.21,4.81
1200000.00,56.58,4.81
1200000.00,57.08,4.81
1200000.00,56.77,4.81
1200000.00,55.46,4.81
1200000.00,55.84,4.83
1200000.00,58.68,4.83
1200000.00,58.93,4.83
1200000.00,56.31,4.83
1200000.00,55.23,4.82
1200000.00,56.09,4.82
1200000.00,56.13,4.82
1200000.00,54.70,4.82
1200000.00,54.73,4.82
1200000.00,58.54,4.82
1200000.00,60.02,4.82
1200000.00,57.13,4.82
1200000.00,55.33,4.82
1200000.00,57.14,4.82
1200000.00,58.62,4.82
1200000.00,58.86,4.82
1200000.00,59.49,4.75
1200000.00,58.84,4.75
1200000.00,56.17,4.75
1200000.00,55.23,4.75
1200000.00,55.04,4.69
1200000.00,55.36,4.69
1200000.00,56.77,4.69
1200000.00,57.50,4.69
1200000.00,57.50,4.63
1200000.00,57.77,4.63
1200000.00,59.16,4.63
1200000.00,59.80,4.63
1200000.00,57.48,4.75
1200000.00,56.22,4.75
1200000.00,54.89,4.75
1200000.00,53.94,4.75
1200000.00,56.81,4.74
1200000.00,58.40,4.74
1200000.00,56.68,4.74
1200000.00,55.10,4.74
1200000.00,55.08,4.73
1200000.00,55.28,4.73
1200000.00,55.67,4.73
1200000.00,56.04,4.73
1200000.00,57.00,4.56
1200000.00,59.45,4.56
1200000.00,58.78,4.56
1200000.00,56.50,4.56
1200000.00,56.44,4.71
1200000.00,57.41,4.71
1200000.00,58.24,4.71
1200000.00,60.76,4.71
1200000.00,59.98,4.76
1200000.00,55.76,4.76
1200000.00,55.35,4.76
1200000.00,56.65,4.76
1200000.00,57.14,4.70
1200000.00,57.14,4.70
1200000.00,57.07,4.70
1200000.00,56.66,4.70
1200000.00,56.37,4.53
1200000.00,56.19,4.53
1200000.00,56.37,4.53
1200000.00,58.17,4.53
1200000.00,59.32,4.56
1200000.00,58.22,4.56
1200000.00,57.38,4.56
1200000.00,56.14,4.56
1200000.00,55.19,4.55
1200000.00,56.53,4.55
1200000.00,57.50,4.55
1200000.00,57.50,4.55
1200000.00,57.42,4.63
1200000.00,56.70,4.63
1200000.00,56.10,4.63
1200000.00,56.25,4.63
1200000.00,56.51,4.73
1200000.00,57.80,4.73
1200000.00,59.00,4.73
1200000.00,58.76,4.73
1200000.00,57.49,4.73
1200000.00,56.84,4.73
1200000.00,56.21,4.73
1200000.00,56.15,4.73
1200000.00,56.40,4.73
1200000.00,56.56,4.73
1200000.00,57.04,4.73
1200000.00,57.03,4.73
1200000.00,56.48,4.74
1200000.00,56.16,4.74
1200000.00,55.27,4.74
1200000.00,55.57,4.74
1200000.00,58.80,4.75
1200000.00,59.08,4.75
1200000.00,57.24,4.75
1200000.00,56.48,4.75
1200000.00,56.99,4.74
1200000.00,57.06,4.74
1200000.00,56.64,4.74
1200000.00,56.59,4.74
1200000.00,58.38,4.75
1200000.00,58.85,4.75
1200000.00,57.40,4.75
1200000.00,56.36,4.75
1200000.00,55.46,4.74
1200000.00,55.21,4.74
1200000.00,57.04,4.74
1200000.00,58.49,4.74
1200000.00,56.32,4.74
1200000.00,55.17,4.74
1200000.00,57.36,4.74
1200000.00,59.38,4.74
1200000.00,58.25,4.75
1200000.00,55.03,4.75
1200000.00,56.65,4.75
1200000.00,58.24,4.75
1200000.00,57.98,4.74
1200000.00,56.47,4.74
1200000.00,56.35,4.74
1200000.00,56.14,4.74
1200000.00,56.42,4.74
1200000.00,57.38,4.74
1200000.00,57.44,4.74
1200000.00,57.21,4.74
1200000.00,57.21,4.75
1200000.00,57.44,4.75
1200000.00,57.72,4.75
1200000.00,58.66,4.75
1200000.00,58.83,4.75
1200000.00,57.84,4.75
1200000.00,56.92,4.75
1200000.00,54.15,4.75
1200000.00,53.32,4.70
1200000.00,56.18,4.70
1200000.00,57.76,4.70
1200000.00,59.35,4.70
1200000.00,59.82,4.57
1200000.00,56.73,4.57
1200000.00,55.18,4.57
1200000.00,56.45,4.57
1200000.00,57.30,4.56
1200000.00,56.10,4.56
1200000.00,55.34,4.56
1200000.00,56.25,4.56
1200000.00,57.17,4.56
1200000.00,57.35,4.56
1200000.00,57.46,4.56
1200000.00,56.28,4.56
1200000.00,55.10,4.56
1200000.00,56.33,4.56
1200000.00,57.46,4.56
1200000.00,58.14,4.56
1200000.00,60.37,4.56
1200000.00,57.76,4.56
1200000.00,55.31,4.56
1200000.00,55.05,4.56
1200000.00,55.26,4.55
1200000.00,55.26,4.55
1200000.00,55.26,4.55
1200000.00,55.01,4.55
1200000.00,53.91,4.69
1200000.00,54.59,4.69
1200000.00,56.98,4.69
1200000.00,57.33,4.69
1200000.00,56.51,4.76
1200000.00,56.16,4.76
1200000.00,55.27,4.76
1200000.00,55.34,4.76
1200000.00,57.17,4.76
1200000.00,57.95,4.76
1200000.00,59.76,4.76
1200000.00,60.00,4.76
1200000.00,56.90,4.75
1200000.00,56.29,4.75
1200000.00,57.09,4.75
1200000.00,57.21,4.75
1200000.00,54.71,4.76
1200000.00,54.24,4.76
1200000.00,56.27,4.76
1200000.00,57.36,4.76
1200000.00,55.71,4.75
1200000.00,55.20,4.75
1200000.00,56.50,4.75
1200000.00,57.51,4.75
1200000.00,57.92,4.76
1200000.00,58.05,4.76
1200000.00,57.19,4.76
1200000.00,56.41,4.76
1200000.00,56.32,4.76
1200000.00,56.10,4.76
1200000.00,56.25,4.76
1200000.00,56.39,4.76
1200000.00,56.88,4.77
1200000.00,58.14,4.77
1200000.00,57.75,4.77
1200000.00,56.59,4.77
1200000.00,55.82,4.77
1200000.00,54.16,4.77
1200000.00,54.24,4.77
1200000.00,54.86,4.77
1200000.00,55.80,4.72
1200000.00,58.19,4.72
1200000.00,58.47,4.72
1200000.00,58.22,4.72
1200000.00,57.80,4.72
1200000.00,56.66,4.72
1200000.00,56.36,4.72
1200000.00,56.18,4.72
1200000.00,56.65,4.68
1200000.00,58.69,4.68
1200000.00,59.32,4.68
1200000.00,58.21,4.68
1200000.00,57.70,4.54
1200000.00,58.61,4.54
1200000.00,58.81,4.54
1200000.00,56.81,4.54
1200000.00,55.49,4.54
1200000.00,56.77,4.54
1200000.00,57.78,4.54
1200000.00,57.65,4.54
1200000.00,57.43,4.58
1200000.00,56.20,4.58
1200000.00,55.08,4.58
1200000.00,55.94,4.58
1200000.00,59.48,4.55
1200000.00,57.90,4.55
1200000.00,56.35,4.55
1200000.00,55.70,4.55
1200000.00,55.10,4.58
1200000.00,55.86,4.58
1200000.00,59.09,4.58
1200000.00,60.18,4.58
1200000.00,58.07,4.73
1200000.00,57.32,4.73
1200000.00,56.51,4.73
1200000.00,56.03,4.73
1200000.00,55.47,4.72
1200000.00,55.57,4.72
1200000.00,57.17,4.72
1200000.00,58.10,4.72
1200000.00,57.68,4.74
1200000.00,57.20,4.74
1200000.00,55.29,4.74
1200000.00,53.93,4.74
1200000.00,56.25,4.73
1200000.00,57.48,4.73
1200000.00,57.30,4.73
1200000.00,57.14,4.73
1200000.00,56.69,4.72
1200000.00,56.48,4.72
1200000.00,57.30,4.72
1200000.00,58.06,4.72
1200000.00,58.78,4.74
1200000.00,60.46,4.74
1200000.00,59.25,4.74
1200000.00,55.57,4.74
1200000.00,55.35,4.72
1200000.00,56.33,4.72
1200000.00,56.55,4.72
1200000.00,57.02,4.72
1200000.00,57.46,4.72
1200000.00,58.40,4.72
1200000.00,58.47,4.72
1200000.00,58.22,4.72
1200000.00,57.79,4.72
1200000.00,56.67,4.72
1200000.00,56.52,4.72
1200000.00,56.96,4.72
1200000.00,57.40,4.74
1200000.00,58.29,4.74
1200000.00,58.67,4.74
1200000.00,59.25,4.74
1200000.00,58.98,4.74
1200000.00,56.89,4.74
1200000.00,56.13,4.74
1200000.00,56.31,4.74
1200000.00,56.21,4.73
1200000.00,55.38,4.73
1200000.00,55.40,4.73
1200000.00,57.84,4.73
1200000.00,59.14,4.73
1200000.00,57.22,4.73
1200000.00,56.12,4.73
1200000.00,56.28,4.73
1200000.00,56.28,4.73
1200000.00,55.52,4.73
1200000.00,55.18,4.73
1200000.00,57.41,4.73
1200000.00,59.50,4.73
1200000.00,59.27,4.73
1200000.00,59.04,4.73
1200000.00,57.26,4.73
1200000.00,55.25,4.74
1200000.00,55.12,4.74
1200000.00,55.01,4.74
1200000.00,55.54,4.74
1200000.00,57.50,4.73
1200000.00,57.50,4.73
1200000.00,57.50,4.73
1200000.00,56.98,4.73
1200000.00,55.00,4.72
1200000.00,55.56,4.72
1200000.00,57.24,4.72
1200000.00,57.26,4.72
1200000.00,56.15,4.74
1200000.00,56.16,4.74
1200000.00,56.37,4.74
1200000.00,56.68,4.74
1200000.00,57.99,4.73
1200000.00,57.83,4.73
1200000.00,56.74,4.73
1200000.00,56.23,4.73
1200000.00,55.21,4.73
1200000.00,55.38,4.73
1200000.00,56.88,4.73
1200000.00,57.44,4.73
1200000.00,56.98,4.61
1200000.00,56.88,4.61
1200000.00,57.26,4.61
1200000.00,57.43,4.61
1200000.00,56.51,4.55
1200000.00,56.21,4.55
1200000.00,56.96,4.55
1200000.00,57.42,4.55
1200000.00,55.84,4.55
1200000.00,55.09,4.55
1200000.00,55.82,4.55
1200000.00,56.46,4.55
1200000.00,58.38,4.54
1200000.00,59.33,4.54
1200000.00,57.09,4.54
1200000.00,55.04,4.54
1200000.00,55.73,4.55
1200000.00,57.48,4.55
1200000.00,56.83,4.55
1200000.00,56.19,4.55
1200000.00,56.49,4.54
1200000.00,57.50,4.54
1200000.00,57.98,4.54
1200000.00,58.45,4.54
1200000.00,57.57,4.56
1200000.00,54.91,4.56
1200000.00,55.54,4.56
1200000.00,58.01,4.56
1200000.00,58.29,4.55
1200000.00,57.58,4.55
1200000.00,57.24,4.55
1200000.00,56.34,4.55
1200000.00,56.85,4.55
1200000.00,59.15,4.55
1200000.00,58.77,4.55
1200000.00,55.97,4.55
1200000.00,55.27,4.63
1200000.00,56.15,4.63
1200000.00,56.63,4.63
1200000.00,57.64,4.63
1200000.00,57.95,4.78
1200000.00,57.21,4.78
1200000.00,56.71,4.78
1200000.00,55.90,4.78
1200000.00,55.37,4.76
1200000.00,56.00,4.76
1200000.00,56.53,4.76
1200000.00,57.84,4.76
1200000.00,58.93,4.77
1200000.00,57.56,4.77
1200000.00,56.40,4.77
1200000.00,55.75,4.77
1200000.00,55.05,4.76
1200000.00,55.75,4.76
1200000.00,56.38,4.76
1200000.00,56.78,4.76
1200000.00,58.11,4.76
1200000.00,57.31,4.76
1200000.00,56.54,4.76
1200000.00,56.81,4.76
1200000.00,58.47,4.76
1200000.00,57.80,4.76
1200000.00,55.43,4.76
1200000.00,55.41,4.76
1200000.00,57.33,4.76
1200000.00,57.23,4.76
1200000.00,56.34,4.76
1200000.00,56.14,4.76
1200000.00,56.37,4.76
1200000.00,56.19,4.76
1200000.00,55.34,4.76
1200000.00,55.47,4.76
1200000.00,58.72,4.77
1200000.00,58.92,4.77
1200000.00,56.28,4.77
1200000.00,55.20,4.77
1200000.00,56.89,4.76
1200000.00,57.61,4.76
1200000.00,58.18,4.76
1200000.00,58.41,4.76
1200000.00,56.83,4.72
1200000.00,56.28,4.72
1200000.00,57.55,4.72
1200000.00,58.49,4.72
1200000.00,57.15,4.73
1200000.00,56.45,4.73
1200000.00,56.82,4.73
1200000.00,57.14,4.73
1200000.00,56.70,4.73
1200000.00,56.37,4.73
1200000.00,55.71,4.73
1200000.00,55.07,4.73
1200000.00,55.07,4.73
1200000.00,55.27,4.73
1200000.00,56.11,4.73
1200000.00,56.95,4.73
1200000.00,57.23,4.73
1200000.00,57.48,4.73
1200000.00,56.80,4.73
1200000.00,54.47,4.73
1200000.00,54.86,4.73
1200000.00,57.98,4.73
1200000.00,58.39,4.73
1200000.00,57.83,4.73
1200000.00,57.32,4.81
1200000.00,56.53,4.81
1200000.00,55.86,4.81
1200000.00,56.19,4.81
1200000.00,57.69,4.75
1200000.00,57.46,4.75
1200000.00,56.44,4.75
1200000.00,56.31,4.75
1200000.00,57.64,4.79
1200000.00,57.85,4.79
1200000.00,56.13,4.79
1200000.00,54.83,4.79
1200000.00,57.81,4.75
1200000.00,60.00,4.75
1200000.00,58.66,4.75
1200000.00,57.33,4.75
1200000.00,56.61,4.76
1200000.00,55.99,4.76
1200000.00,56.17,4.76
1200000.00,57.71,4.76
1200000.00,58.54,4.77
1200000.00,57.74,4.77
1200000.00,57.14,4.77
1200000.00,56.88,4.77
1200000.00,56.55,4.73
1200000.00,56.00,4.73
1200000.00,54.27,4.73
1200000.00,54.22,4.73
1200000.00,57.92,4.76
1200000.00,58.95,4.76
1200000.00,58.26,4.76
1200000.00,57.76,4.76
1200000.00,57.39,4.76
1200000.00,57.13,4.76
1200000.00,56.67,4.76
1200000.00,56.23,4.76
1200000.00,56.04,4.76
1200000.00,55.85,4.76
1200000.00,56.14,4.76
1200000.00,57.46,4.76
1200000.00,57.67,4.76
1200000.00,55.75,4.76
1200000.00,54.85,4.76
1200000.00,55.50,4.76
1200000.00,56.37,4.77
1200000.00,58.60,4.77
1200000.00,60.55,4.77
1200000.00,60.19,4.77
1200000.00,57.33,4.86
1200000.00,57.02,4.86
1200000.00,57.78,4.86
1200000.00,58.06,4.86
1200000.00,57.41,4.80
1200000.00,57.05,4.80
1200000.00,56.42,4.80
1200000.00,55.89,4.80
1200000.00,55.81,4.81
1200000.00,55.81,4.81
1200000.00,56.22,4.81
1200000.00,57.63,4.81
1200000.00,57.96,4.81
1200000.00,57.36,4.81
1200000.00,57.31,4.81
1200000.00,58.13,4.81
1200000.00,58.34,4.82
1200000.00,56.40,4.82
1200000.00,55.10,4.82
1200000.00,56.97,4.82
1200000.00,59.02,4.80
1200000.00,57.56,4.80
1200000.00,56.17,4.80
1200000.00,55.65,4.80
1200000.00,54.93,4.80
1200000.00,55.32,4.80
1200000.00,57.71,4.80
1200000.00,58.86,4.80
1200000.00,56.13,4.80
1200000.00,55.05,4.80
1200000.00,57.58,4.80
1200000.00,59.82,4.80
1200000.00,58.89,4.79
1200000.00,55.99,4.79
1200000.00,55.87,4.79
1200000.00,56.04,4.79
1200000.00,56.04,4.80
1200000.00,55.87,4.80
1200000.00,56.10,4.80
1200000.00,57.37,4.80
1200000.00,58.14,4.80
1200000.00,58.14,4.80
1200000.00,58.08,4.80
1200000.00,57.45,4.80
1200000.00,56.89,4.80
1200000.00,57.51,4.80
1200000.00,58.06,4.80
1200000.00,57.56,4.80
1200000.00,55.17,4.79
1200000.00,55.15,4.79
1200000.00,55.65,4.79
1200000.00,56.27,4.79
1200000.00,59.10,4.80
1200000.00,59.45,4.80
1200000.00,56.65,4.80
1200000.00,54.81,4.80
1200000.00,55.58,4.80
1200000.00,56.12,4.80
1200000.00,56.58,4.80
1200000.00,57.03,4.80
1200000.00,56.32,4.80
1200000.00,54.00,4.80
1200000.00,54.39,4.80
1200000.00,57.03,4.80
1200000.00,57.98,4.81
1200000.00,57.40,4.81
1200000.00,56.93,4.81
1200000.00,55.69,4.81
1200000.00,55.06,4.80
1200000.00,56.80,4.80
1200000.00,58.11,4.80
1200000.00,57.21,4.80
1200000.00,56.09,4.79
1200000.00,55.97,4.79
1200000.00,55.85,4.79
1200000.00,55.63,4.79
1200000.00,54.80,4.82
1200000.00,54.57,4.82
1200000.00,54.68,4.82
1200000.00,54.85,4.82
1200000.00,56.29,4.81
1200000.00,57.10,4.81
1200000.00,56.61,4.81
1200000.00,56.17,4.81
1200000.00,56.03,4.80
1200000.00,55.83,4.80
1200000.00,56.39,4.80
1200000.00,58.37,4.80
1200000.00,58.75,4.81
1200000.00,57.58,4.81
1200000.00,56.67,4.81
1200000.00,54.17,4.81
1200000.00,53.09,4.81
1200000.00,56.07,4.81
1200000.00,58.14,4.81
1200000.00,58.14,4.81
1200000.00,58.00,4.78
1200000.00,56.01,4.78
1200000.00,54.16,4.78
1200000.00,53.67,4.78
1200000.00,56.74,4.81
1200000.00,58.00,4.81
1200000.00,59.16,4.81
1200000.00,59.86,4.81
1200000.00,56.10,4.81
1200000.00,53.70,4.81
1200000.00,54.78,4.81
1200000.00,55.81,4.81
1200000.00,56.33,4.81
1200000.00,57.01,4.81
1200000.00,56.79,4.81
1200000.00,55.44,4.81
1200000.00,54.80,4.81
1200000.00,54.93,4.81
1200000.00,55.22,4.81
1200000.00,56.74,4.81
1200000.00,58.18,4.83
1200000.00,58.43,4.83
1200000.00,58.65,4.83
1200000.00,57.85,4.83
1200000.00,53.99,4.81
1200000.00,54.27,4.81
1200000.00,56.35,4.81
1200000.00,57.30,4.81
1200000.00,58.34,4.82
1200000.00,58.55,4.82
1200000.00,57.74,4.82
1200000.00,57.08,4.82
1200000.00,55.03,4.81
1200000.00,53.74,4.81
1200000.00,55.73,4.81
1200000.00,57.62,4.81
1200000.00,57.84,4.82
1200000.00,56.99,4.82
1200000.00,57.15,4.82
1200000.00,58.42,4.82
1200000.00,58.97,4.86
1200000.00,58.46,4.86
1200000.00,58.00,4.86
1200000.00,56.42,4.86
1200000.00,54.95,4.81
1200000.00,57.00,4.81
1200000.00,58.84,4.81
1200000.00,58.13,4.81
1200000.00,54.23,4.82
1200000.00,54.37,4.82
1200000.00,56.14,4.82
1200000.00,56.75,4.82
1200000.00,56.27,4.82
1200000.00,56.16,4.82
1200000.00,56.53,4.82
1200000.00,56.80,4.82
1200000.00,56.38,4.81
1200000.00,56.14,4.81
1200000.00,57.04,4.81
1200000.00,57.91,4.81
1200000.00,57.59,4.84
1200000.00,56.05,4.84
1200000.00,55.96,4.84
1200000.00,57.84,4.84
1200000.00,58.74,4.78
1200000.00,56.98,4.78
1200000.00,55.92,4.78
1200000.00,57.41,4.78
1200000.00,59.08,4.78
1200000.00,58.91,4.78
1200000.00,58.74,4.78
1200000.00,59.03,4.78
1200000.00,60.57,4.78
1200000.00,60.29,4.78
1200000.00,58.01,4.78
1200000.00,56.70,4.78
1200000.00,55.53,4.77
1200000.00,55.05,4.77
1200000.00,55.45,4.77
1200000.00,55.79,4.77
1200000.00,56.31,4.76
1200000.00,57.60,4.76
1200000.00,57.62,4.76
1200000.00,57.06,4.76
1200000.00,57.46,4.78
1200000.00,59.81,4.78
1200000.00,60.68,4.78
1200000.00,59.49,4.78
1200000.00,58.36,4.83
1200000.00,58.71,4.83
1200000.00,59.03,4.83
1200000.00,58.31,4.83
1200000.00,55.07,4.82
1200000.00,55.68,4.82
1200000.00,58.82,4.82
1200000.00,59.72,4.82
1200000.00,57.82,4.81
1200000.00,57.20,4.81
1200000.00,57.53,4.81
1200000.00,57.77,4.81
1200000.00,57.21,4.82
1200000.00,56.83,4.82
1200000.00,57.80,4.82
1200000.00,58.79,4.82
1200000.00,58.17,4.82
1200000.00,55.41,4.82
1200000.00,55.44,4.82
1200000.00,58.21,4.82
1200000.00,59.68,4.85
1200000.00,57.99,4.85
1200000.00,56.83,4.85
1200000.00,56.97,4.85
1200000.00,57.15,4.81
1200000.00,57.43,4.81
1200000.00,57.70,4.81
1200000.00,57.83,4.81
1200000.00,58.10,4.81
1200000.00,57.78,4.81
1200000.00,56.44,4.81
1200000.00,56.07,4.81
1200000.00,58.16,4.81
1200000.00,58.80,4.81
1200000.00,56.78,4.81
1200000.00,55.04,4.81
1200000.00,55.51,4.82
1200000.00,56.80,4.82
1200000.00,57.79,4.82
1200000.00,60.75,4.82
1200000.00,60.85,4.86
1200000.00,57.97,4.86
1200000.00,56.94,4.86
1200000.00,57.62,4.86
1200000.00,57.93,4.82
1200000.00,56.72,4.82
1200000.00,55.82,4.82
1200000.00,55.95,4.82
1200000.00,56.13,4.82
1200000.00,57.04,4.82
1200000.00,57.91,4.82
1200000.00,58.08,4.82
1200000.00,57.83,4.82
1200000.00,57.53,4.82
1200000.00,56.57,4.82
1200000.00,56.17,4.82
1200000.00,56.84,4.82
1200000.00,57.07,4.82
1200000.00,56.58,4.82
1200000.00,56.15,4.82
1200000.00,56.29,4.87
1200000.00,56.79,4.87
1200000.00,57.25,4.87
1200000.00,58.64,4.87
1200000.00,58.30,4.83
1200000.00,55.68,4.83
1200000.00,55.12,4.83
1200000.00,56.90,4.83
1200000.00,57.89,4.82
1200000.00,56.66,4.82
1200000.00,55.82,4.82
1200000.00,55.95,4.82
1200000.00,56.09,4.82
1200000.00,55.97,4.82
1200000.00,55.85,4.82
1200000.00,56.42,4.82
1200000.00,59.43,4.82
1200000.00,60.24,4.82
1200000.00,61.17,4.82
1200000.00,61.30,4.82
1200000.00,56.31,4.82
1200000.00,53.87,4.82
1200000.00,55.83,4.82
1200000.00,57.57,4.82
1200000.00,57.61,4.82
1200000.00,57.18,4.82
1200000.00,57.32,4.82
1200000.00,57.93,4.82
1200000.00,57.11,4.83
1200000.00,53.68,4.83
1200000.00,53.30,4.83
1200000.00,57.28,4.83
1200000.00,59.97,4.82
1200000.00,57.17,4.82
1200000.00,54.81,4.82
1200000.00,54.78,4.82
1200000.00,55.74,4.80
1200000.00,56.24,4.80
1200000.00,57.65,4.80
1200000.00,58.28,4.80
1200000.00,59.17,4.81
1200000.00,59.49,4.81
1200000.00,58.78,4.81
1200000.00,58.16,4.81
1200000.00,57.88,4.92
1200000.00,57.21,4.92
1200000.00,56.81,4.92
1200000.00,56.39,4.92
1200000.00,53.69,4.86
1200000.00,51.71,4.86
1200000.00,51.14,4.86
1200000.00,51.24,4.86
1200000.00,51.96,4.85
1200000.00,54.31,4.85
1200000.00,55.03,4.85
1200000.00,55.19,4.85
1200000.00,55.57,4.90
1200000.00,56.74,4.90
1200000.00,57.53,4.90
1200000.00,59.42,4.90
1200000.00,59.70,4.90
1200000.00,56.50,4.90
1200000.00,55.26,4.90
1200000.00,56.86,4.90
1200000.00,58.06,4.96
1200000.00,57.56,4.96
1200000.00,57.13,4.96
1200000.00,56.56,4.96
1200000.00,55.82,4.95
1200000.00,56.41,4.95
1200000.00,56.97,4.95
1200000.00,57.29,4.95
1200000.00,58.01,4.97
1200000.00,57.75,4.97
1200000.00,56.27,4.97
1200000.00,55.37,4.97
1200000.00,56.21,4.96
1200000.00,56.81,4.96
1200000.00,57.12,4.96
1200000.00,58.04,4.96
1200000.00,58.07,5.03
1200000.00,57.20,5.03
1200000.00,56.89,5.03
1200000.00,57.35,5.03
1200000.00,57.63,5.03
1200000.00,56.23,5.03
1200000.00,55.01,5.03
1200000.00,54.76,5.03
1200000.00,54.76,5.02
1200000.00,56.14,5.02
1200000.00,61.83,5.02
1200000.00,66.15,5.02
1200000.00,71.96,5.42
1200000.00,76.27,5.42
1200000.00,75.68,5.42
1200000.00,73.21,5.42
1200000.00,71.29,5.52
1200000.00,75.61,5.52
1200000.00,79.75,5.52
1200000.00,80.74,5.52
1200000.00,79.72,5.58
1200000.00,78.69,5.58
1200000.00,75.41,5.58
1200000.00,72.98,5.58
1200000.00,73.63,5.58
1200000.00,77.83,5.58
1200000.00,78.93,5.58
1200000.00,78.32,5.58
1200000.00,77.85,5.67
1200000.00,78.63,5.67
1200000.00,79.33,5.67
1200000.00,80.01,5.67
1200000.00,80.46,5.85
1200000.00,80.79,5.85
1200000.00,80.73,5.85
1200000.00,78.17,5.85
1200000.00,75.19,5.41
1200000.00,74.51,5.41
1200000.00,76.72,5.41
1200000.00,78.48,5.41
1200000.00,80.83,5.60
1200000.00,82.59,5.60
1200000.00,84.36,5.60
1200000.00,86.16,5.60
1200000.00,88.54,6.28
1200000.00,90.31,6.28
1200000.00,92.08,6.28
1200000.00,93.17,6.28
1200000.00,91.90,6.41
1200000.00,91.08,6.41
1200000.00,90.23,6.41
1200000.00,89.37,6.41
1200000.00,88.23,6.03
1200000.00,87.86,6.03
1200000.00,88.69,6.03
1200000.00,89.38,6.03
1200000.00,90.30,5.58
1200000.00,90.99,5.58
1200000.00,91.68,5.58
1200000.00,92.39,5.58
1200000.00,93.32,6.21
1200000.00,93.55,6.21
