cache-misses,instructions,power
80116.33,11773710.01,3.32
59402.68,16765359.86,3.49
75733.76,235208534.21,3.99
19378.01,274033609.02,4.10
15967.02,273891740.56,4.10
14407.58,273835108.40,4.10
14144.64,273846840.25,4.10
13933.53,273856259.60,4.10
13689.02,273867169.08,4.11
13686.40,273877934.93,4.11
15308.47,273913927.01,4.11
16624.24,273943122.63,4.11
22461.27,274139721.69,4.11
16040.36,273897496.04,4.11
16234.42,273955989.82,4.12
16895.07,273959063.63,4.12
14965.27,273973669.17,4.12
15002.97,273944324.04,4.12
15052.06,273906118.92,4.12
15084.42,273880936.03,4.11
15613.90,273897311.45,4.11
17917.48,274017637.14,4.11
19714.20,274111486.65,4.11
21487.91,274204134.78,4.13
23176.70,274285296.96,4.13
25602.46,274364326.18,4.13
27681.92,274432072.79,4.13
30195.88,274513975.27,4.12
31631.42,274559525.87,4.12
27541.56,274408957.44,4.12
23717.71,274268182.43,4.12
18522.30,274076912.96,4.12
15423.26,273957351.77,4.12
15224.19,273925684.69,4.12
15070.89,273901297.39,4.12
14917.45,273876887.26,4.12
14844.26,273859795.20,4.12
15293.18,273877155.67,4.12
15699.74,273892877.87,4.12
16239.12,273913736.08,4.12
16509.02,273924268.63,4.12
15916.34,273902391.20,4.12
15378.33,273882532.07,4.12
14663.27,273856137.55,4.12
14191.34,273839429.41,4.12
13886.31,273837346.01,4.12
13604.82,273835423.41,4.12
13221.46,273832805.04,4.12
12985.21,273831484.49,4.12
12987.99,273835337.34,4.12
12990.54,273838883.41,4.12
12993.89,273843526.40,4.12
13302.03,273864070.82,4.12
17282.31,274093183.32,4.12
20969.60,274305431.29,4.12
25850.05,274586359.93,4.12
28818.54,274749291.19,4.12
26472.42,274492041.88,4.12
24277.90,274251416.27,4.12
21253.84,273919832.07,4.12
19307.12,273715407.47,4.12
18189.11,273725874.93,4.12
17149.81,273735605.60,4.12
15770.27,273748521.68,4.12
14739.24,273758174.91,4.12
14451.18,273766982.51,4.12
13674.07,273792676.71,4.12
12978.99,273815658.55,4.12
12693.03,273829560.36,4.12
13854.70,273834551.13,4.12
14887.53,273838988.41,4.12
16290.15,273845014.32,4.12
17201.75,273849924.04,4.12
17122.57,273868095.56,4.12
17047.70,273885278.96,4.12
16948.54,273908035.11,4.13
16891.41,273922683.79,4.13
17007.54,273920143.32,4.13
17118.22,273917722.05,4.13
17265.56,273914498.79,4.12
17301.56,273911401.40,4.12
16267.67,273894507.91,4.12
15292.75,273878578.04,4.12
13975.70,273857057.85,4.13
13717.02,273864158.57,4.13
20594.54,274122966.50,4.13
26917.78,274360916.57,4.13
35500.23,274683882.79,4.12
40605.76,274871482.68,4.12
34992.27,274608514.10,4.12
29821.27,274366274.88,4.12
23090.36,274050960.24,4.12
18494.51,273838028.99,4.12
17360.36,273825235.70,4.12
16271.37,273812951.84,4.12
14799.54,273796349.57,4.12
13859.90,273786874.85,4.12
14696.16,273824047.35,4.12
15497.53,273859668.92,4.12
16580.46,273907805.87,4.13
17227.17,273940274.97,4.13
17206.05,273982349.80,4.13
17186.74,274020826.44,4.13
17160.42,274073251.49,4.13
17296.16,274098951.64,4.13
18917.39,274045042.97,4.13
20405.02,273995576.60,4.13
22344.05,273931100.64,4.13
23536.58,273886157.07,4.13
21105.35,273862794.80,4.13
18791.35,273840559.03,4.13
15672.66,273810590.83,4.12
13465.95,273792647.26,4.12
17739.53,274001735.81,4.12
21956.90,274208074.02,4.12
27433.23,274476007.92,4.14
31187.20,274657713.67,4.14
27811.17,274438200.38,4.14
24803.21,274242619.40,4.14
20961.20,273992807.57,4.13
18248.34,273818983.51,4.13
17379.13,273817391.18,4.13
16544.93,273815863.00,4.13
15441.59,273813841.76,4.13
14622.09,273812295.25,4.13
14551.64,273810497.35,4.13
14483.17,273808750.08,4.13
14391.90,273806420.75,4.12
14322.92,273804273.61,4.12
14182.90,273793046.25,4.12
14048.10,273782237.94,4.12
13829.97,273764747.27,4.12
13712.20,273759526.32,4.12
13568.41,273768366.58,4.12
13464.67,273774744.55,4.12
13362.38,273781033.32,4.12
13505.48,273786854.67,4.12
15273.26,273796456.40,4.12
16827.73,273804899.50,4.12
18604.46,273814549.79,4.13
20079.00,273822615.40,4.13
18981.05,273819043.49,4.13
17900.95,273815529.64,4.13
16465.04,273810858.22,4.13
15542.95,273811506.39,4.13
19748.60,273983443.62,4.13
23304.09,274128801.07,4.13
28120.46,274325705.78,4.13
30827.37,274433380.86,4.13
26836.94,274234156.35,4.13
23199.49,274052554.07,4.13
18934.29,273839611.11,4.13
15447.36,273666288.89,4.13
15546.49,273703416.08,4.13
15643.17,273739624.88,4.13
15771.11,273787542.94,4.13
15867.70,273823718.74,4.13
15678.59,273813911.62,4.13
15071.23,273779054.61,4.13
14520.92,273747471.66,4.13
14172.17,273724742.58,4.13
14876.13,273736270.70,4.13
15510.61,273746660.96,4.13
16237.58,273758565.83,4.13
16847.43,273768524.40,4.13
16059.26,273754273.07,4.13
15285.78,273740287.31,4.13
14282.18,273722140.68,4.13
13498.76,273708045.50,4.13
13288.98,273707723.58,4.13
13078.82,273707401.06,4.13
12799.26,273706972.06,4.13
12639.26,273709347.17,4.13
15897.63,273895014.50,4.13
19179.04,274081994.21,4.13
23544.25,274330731.32,4.13
26448.42,274492539.67,4.13
24191.22,274274298.44,4.13
22080.48,274070217.65,4.13
19262.38,273797744.90,4.13
17121.11,273590711.81,4.13
16894.63,273608510.90,4.13
16309.46,273670224.61,4.13
15777.38,273726339.89,4.12
15403.60,273764714.41,4.12
15117.09,273768647.05,4.12
14848.24,273772337.12,4.12
14490.53,273777247.06,4.13
14194.51,273780080.21,4.13
13981.41,273742625.49,4.13
13806.22,273711834.26,4.13
13625.31,273680038.06,4.18
13460.38,273650121.65,4.18
13997.46,273685027.25,4.18
14535.32,273719982.94,4.18
15235.20,273765468.70,4.13
15773.21,273800434.98,4.13
15609.69,273789806.59,4.13
15061.49,273754176.17,4.13
14561.59,273721684.70,4.13
14235.09,273700362.67,4.13
15431.72,273773504.00,4.13
16822.78,273858529.36,4.13
18284.81,273947892.39,4.14
19486.80,274021360.93,4.14
33843.09,273836355.73,4.14
75389.11,273294482.17,4.14
110539.79,272836021.24,4.20
137516.66,272484169.24,4.20
126189.53,272368620.51,4.20
86828.83,272066158.33,4.20
50730.35,271788764.30,4.14
24109.14,271584197.12,4.14
21934.04,271979138.19,4.14
22989.42,273299658.49,4.14
23971.97,274529048.50,4.15
24691.85,275429774.73,4.15
24178.02,269452694.00,4.15
22376.34,250248342.64,4.15
20748.11,232892724.90,3.87
19518.21,219782951.28,3.87
486752.58,233157233.04,3.87
1935759.23,277607452.30,3.87
3276629.65,318740447.61,4.87
4269240.43,349190112.48,4.87
4963893.03,364022896.22,4.87
6880068.17,402759220.21,4.87
8611248.30,437755788.49,4.94
9925679.07,464327585.21,4.94
10036575.04,466643629.80,4.94
10025360.60,466586961.18,4.94
10019213.13,466555896.89,5.18
10321915.84,471058096.18,5.18
12906288.03,509127821.07,5.18
15179965.66,542620783.98,5.18
17463454.95,576258279.95,6.40
19735879.00,609732776.73,6.40
20383921.03,618995832.80,6.40
21980256.89,641597714.32,6.40
23405951.90,661783560.31,6.43
24486078.17,677076636.53,6.43
24588234.05,678498220.03,6.43
24590808.82,678453746.74,6.43
24593121.66,678413797.76,6.46
24594841.82,678384085.96,6.46
24401907.04,675384775.55,6.46
23711472.73,664670389.63,6.46
23232413.58,657236192.84,6.31
22814056.90,650743996.79,6.31
22934913.58,653076142.67,6.31
23459483.61,662695157.43,6.31
23963421.10,671935834.33,6.48
24329416.82,678647079.84,6.48
24385150.59,679163278.37,6.48
24460252.18,678925901.68,6.48
24528566.26,678709978.56,6.50
24579957.56,678547543.94,6.50
24588194.51,678502757.49,6.50
24589249.02,678436352.08,6.50
24590224.69,678374911.34,6.50
24590952.72,678329065.58,6.50
24591624.75,678329232.36,6.50
24593545.04,678344566.88,6.50
24595312.48,678358680.77,6.51
24596650.18,678369362.96,6.51
24590315.09,678367373.91,6.51
24568896.43,678356187.18,6.51
24549093.38,678345844.27,6.53
24534191.54,678338061.20,6.53
24536742.82,678344297.90,6.53
24553992.86,678370718.55,6.53
24569640.84,678394685.43,6.53
24581234.60,678412442.75,6.53
24582922.96,678409937.24,6.53
24584238.30,678395967.23,6.53
24585348.93,678384171.48,5.93
24586243.90,678374666.12,5.93
22550303.34,645101813.35,5.93
15700683.06,533173393.00,5.93
9388302.46,430023910.34,4.21
4651888.76,352627020.90,4.21
3600535.52,335359193.46,4.21
2295961.14,313750851.13,4.21
1088777.89,293755648.61,4.19
180935.92,278718591.09,4.19
20368.06,276465120.68,4.19
20907.59,277603126.23,4.19
21279.50,278387583.50,4.18
21630.82,279128612.70,4.18
21829.65,279131208.96,4.18
22318.66,278772892.31,4.18
22775.67,278438017.68,4.17
23121.40,278184692.83,4.17
23533.76,277367917.21,4.17
24743.20,274741992.21,4.17
25834.49,272372589.01,4.15
26673.48,270550970.23,4.15
25457.00,270454675.15,4.15
20813.31,271244494.68,4.15
16472.57,271982788.05,4.14
13172.53,272544073.09,4.14
12858.31,272660720.97,4.14
13715.17,272729626.05,4.14
14519.61,272794315.62,4.14
15124.25,272842938.24,4.14
15970.14,272854682.42,4.14
18480.50,272852435.24,4.14
20861.75,272850303.64,4.15
22669.12,272848685.75,4.15
442231.52,282799886.35,4.15
1861231.07,316478931.62,4.15
3156486.75,347220995.39,4.95
4553178.74,380334105.85,4.95
5723790.33,406503694.91,4.95
6856967.27,431836414.36,4.95
7995432.36,457287352.82,4.98
9121614.54,482463700.78,4.98
9276456.57,485911342.00,4.98
9278527.64,485912042.63,4.98
9280284.30,485912636.90,4.99
9281699.11,485913115.52,4.99
9281901.08,485907595.86,4.99
9280291.89,485882938.89,4.99
9278588.39,485856836.86,4.99
9277354.28,485837926.97,4.99
9272761.76,485794069.13,4.99
9257384.06,485652201.34,4.99
9243239.60,485521710.96,4.99
9232472.62,485422379.69,4.99
8933618.05,474691506.13,4.99
7876981.03,436510710.70,4.99
6847015.85,399293682.04,4.30
6078306.69,371516946.20,4.30
5379176.51,344029549.50,4.30
3517514.93,268841031.67,4.30
1700987.37,195475380.11,4.01
357883.92,141230312.74,4.01
55186.33,128815583.99,4.01
54599.85,128104723.65,4.01
54022.63,127405093.21,3.94
53595.33,126887179.62,3.94
49502.30,127674487.29,3.94
37938.04,130340459.29,3.94
29704.79,132238518.67,4.03
22038.19,134005941.43,4.03
19645.64,135593963.12,4.03
19016.16,138870416.25,4.03
18572.00,141182247.02,4.03
18149.70,143380272.68,4.03
17990.51,144005209.76,4.03
17860.23,143914056.47,4.03
17729.89,143822860.03,3.95
17633.01,143755077.54,3.95
18601.50,138171801.11,3.95
22280.92,117582370.32,3.95
25875.40,97468232.02,3.89
28554.94,82473992.29,3.89
28704.60,85201726.69,3.89
26590.27,110202450.95,3.89
24547.03,134362494.62,4.03
23005.80,152586614.17,4.03
22548.20,158430956.16,4.03
22667.82,158678494.46,4.03
22788.89,158929031.18,4.03
22878.27,159113993.21,4.03
25376.43,156904410.34,4.03
34599.70,148474143.58,4.03
43773.95,140088688.09,3.89
50548.88,133896257.72,3.89
48938.76,126787490.03,3.89
37403.62,110610989.61,3.89
29050.72,98897160.98,3.82
21152.45,87820898.07,3.82
18933.60,84423287.33,3.82
18808.27,83141207.83,3.82
18689.62,81927573.51,3.86
18598.41,80994491.84,3.86
18618.49,82130301.04,3.86
18794.52,87453138.01,3.86
18975.88,92937421.17,3.88
19107.82,96927235.04,3.88
26307.97,101980413.28,3.88
53105.48,116567695.66,3.88
80067.84,131244710.19,4.03
99985.76,142087073.14,4.03
99974.18,145217277.53,4.03
77847.24,145230023.31,4.03
57568.31,145241704.59,4.02
41717.99,145250834.85,4.02
35519.39,145164059.40,4.02
31305.00,144811839.66,4.02
27049.54,144456187.34,4.02
23896.63,144192681.49,4.02
22532.28,144101099.78,4.02
21050.26,144063925.11,4.02
19590.86,144027317.97,4.02
18487.65,143999645.20,4.02
18352.98,143994443.30,4.02
18684.77,143998000.16,4.02
18887.54,144000173.88,4.02
19091.64,144002361.97,4.02
19703.09,144049641.60,4.02
21560.37,144195386.08,4.02
23029.80,144310694.81,4.02
24264.36,144407573.65,4.02
25043.57,144467290.03,4.02
24139.69,144385260.83,4.02
23070.15,144288197.17,4.02
22280.68,144216551.66,4.02
21629.37,144160986.64,4.02
21109.73,144146337.21,4.02
20481.08,144128614.49,4.02
20020.08,144115618.34,4.02
20935.75,144187802.06,4.02
25404.68,144504118.45,4.02
29714.98,144809206.52,4.02
33048.94,145045188.18,4.02
33693.85,145090512.87,4.02
31203.73,144912910.36,4.02
28638.68,144729963.59,4.03
26793.12,144598332.68,4.03
25371.59,144493686.21,4.03
24491.50,144406897.46,4.03
23464.08,144305578.93,4.03
22705.15,144230738.39,4.03
22068.75,144193936.55,4.03
20928.05,144163182.45,4.03
20116.21,144141294.52,4.01
19345.50,144120515.75,4.01
18997.68,144106476.98,4.01
18691.89,144079054.77,4.01
18387.78,144051782.85,4.01
18156.87,144031076.31,4.01
18128.63,144024292.86,4.01
18362.06,144027704.99,4.01
18595.91,144031123.44,3.95
18772.76,144033708.58,3.95
18882.44,139639438.64,3.95
19032.59,119905731.86,3.95
19191.88,98969302.70,3.84
19310.20,83417957.06,3.84
19196.41,77761735.71,3.84
18539.86,77631039.10,3.84
17887.03,77501084.72,3.83
17390.36,77402214.44,3.83
18428.95,77298789.72,3.83
23618.15,77022084.72,3.83
28849.10,76743153.60,3.82
32789.80,76533023.05,3.82
33945.28,76334094.84,3.82
31806.75,75843565.42,3.82
29577.79,75332290.75,3.82
27860.47,74938375.80,3.82
26257.34,74703859.89,3.82
22376.31,74516374.56,3.82
18277.72,74318379.13,3.82
15154.68,74167510.95,3.82
13607.08,74096245.17,3.82
12951.21,74080830.83,3.82
12255.91,74064489.80,3.82
11742.21,74052417.00,3.82
11580.37,82751183.26,3.82
11868.54,122333633.15,3.82
12171.60,163959376.16,4.03
12395.77,194751301.55,4.03
12517.12,208904468.24,4.03
12533.91,197662950.76,4.03
12552.94,184923751.33,4.00
12566.77,175665671.44,4.00
12740.36,170977134.55,4.00
13452.50,165939781.33,4.00
14186.17,160750107.81,4.01
14738.67,156841957.29,4.01
15975.93,155183362.56,4.01
20282.92,155485767.99,4.01
24452.81,155778546.75,4.03
27721.32,156008037.72,4.03
28470.03,156072044.93,4.03
25122.49,155889748.38,4.03
21594.76,155697639.56,4.01
18970.19,155554713.80,4.01
16980.65,155467272.38,4.01
15375.17,155524272.89,4.01
13560.40,155588703.74,4.01
12191.56,155637302.87,4.01
11870.94,155666904.33,4.01
13295.17,155697949.38,4.01
14785.95,155730445.28,4.01
15910.99,155754968.56,4.01
16158.78,155750665.25,4.01
15154.35,155685683.28,4.01
14104.51,155617763.71,4.01
13329.69,155567635.97,4.01
13017.46,155547100.13,4.01
13086.40,155550062.82,4.01
13175.73,155553901.39,4.02
13230.01,155556233.44,4.02
13296.33,155072032.96,4.02
13491.63,153477216.21,4.02
13624.45,152392576.01,3.97
13757.76,151303980.40,3.97
13886.86,150557244.55,3.97
14210.58,149299048.21,3.97
14536.40,148032685.83,3.97
14787.53,147056621.85,3.97
17950.06,145998482.20,3.97
32702.96,143155523.44,3.97
48511.86,140109068.16,3.92
60191.79,137858285.61,3.92
62809.97,133454543.77,3.92
48084.59,117559194.71,3.92
32300.80,100521331.19,3.79
20664.11,87960071.29,3.79
14413.11,81318903.44,3.79
13895.36,81317581.17,3.79
13343.59,81316172.03,3.80
12926.12,81315105.86,3.80
14753.94,81402790.91,3.80
24739.75,81836073.56,3.80
35229.53,82291223.37,3.88
43095.88,82632542.88,3.88
45264.47,82376576.98,3.88
35587.03,80192741.96,3.88
20824.70,76861437.44,3.84
13175.25,75324702.83,3.84
21288.92,84718993.95,3.84
28932.15,93568587.45,3.84
36470.70,102296984.71,3.83
44168.43,111209681.55,3.83
47768.97,116801928.47,3.83
49148.99,124819765.25,3.83
50340.37,131741628.75,4.03
51387.27,137824073.24,4.03
50644.07,141106545.60,4.03
44107.88,141171748.82,4.03
36970.23,141242952.06,4.01
31659.35,141295931.97,4.01
27357.39,141219692.85,4.01
22881.16,140903872.65,4.01
19820.86,140687953.31,3.99
16826.93,140476715.84,3.99
15489.15,140394046.32,3.99
14197.62,140350532.99,3.99
13061.95,140312270.82,4.00
12106.61,140280084.04,4.00
11646.67,140262496.23,4.00
12077.51,140265698.96,4.00
12565.01,140269322.78,4.00
12918.09,140271947.47,4.00
13091.42,140270193.30,4.00
13031.54,140254013.57,4.00
12965.59,140236191.95,4.00
12917.62,140223229.99,4.00
12818.31,140220837.30,4.00
12495.84,140240667.72,4.00
12204.06,140258610.31,4.00
11956.46,140273836.23,4.00
11826.70,140283541.34,4.00
12094.06,140279337.73,4.00
12399.38,140274537.35,3.99
12629.70,140270916.19,3.99
12688.00,140266253.64,3.99
12300.68,140251616.67,3.99
11879.97,140235717.75,4.00
11562.68,140223727.02,4.00
11899.64,140254259.35,4.00
16986.16,140606536.06,4.00
20912.95,140878493.63,4.01
24623.57,141135479.79,4.01
25860.11,141219174.55,4.01
22312.87,140963550.05,4.01
18687.12,140702267.93,4.00
15834.87,140496726.16,4.00
14050.03,140369000.03,4.00
13120.24,140306977.25,4.00
12086.13,140237996.26,4.00
11320.87,140186948.32,4.00
11120.57,140170955.76,4.00
11991.21,140216057.28,4.00
12926.88,140264527.58,4.00
13772.70,140308343.58,4.00
13889.14,140314492.09,4.00
13283.55,140283601.44,4.00
12774.43,140257632.33,4.00
12311.86,140234037.00,4.00
11995.41,140219626.70,4.00
11762.52,140218194.41,4.00
11505.55,140216614.10,4.00
11312.05,140215424.10,4.00
11255.52,140217247.08,4.00
11569.32,140231445.15,4.00
11910.00,140246859.92,4.00
12167.13,140258493.82,4.00
12855.89,140304945.56,4.00
16066.13,140541949.59,4.00
19522.52,140797126.86,4.01
22137.59,140990191.37,4.01
23370.25,141074634.20,4.01
21076.82,140866003.10,4.01
18556.05,140636690.79,4.00
16660.11,140464218.35,4.00
15591.30,140364901.02,4.00
16307.31,140417283.96,4.00
17114.83,140476362.20,4.00
17715.08,140520276.35,4.00
17939.11,140538560.59,4.00
17164.46,140492765.34,4.00
16310.17,140442261.79,3.99
15342.43,140385051.56,3.99
20080.83,139772564.44,3.99
35902.77,137779594.91,3.99
46962.73,136386455.08,3.96
57866.50,135012989.74,3.96
60421.71,130708837.54,3.96
47802.19,113214076.92,3.96
36194.86,97122545.22,3.81
26231.58,83310210.78,3.81
19608.79,74309320.56,3.81
18689.78,74299168.22,3.81
17599.40,74287122.79,3.81
16825.37,74278572.05,3.81
16222.13,74269098.57,3.81
15262.73,74241426.81,3.81
14366.58,74215579.13,3.81
13646.72,74194816.33,3.81
13762.66,74223131.19,3.81
17986.86,74519994.81,3.81
22683.01,74850026.04,3.82
26269.64,75102083.69,3.82
28136.07,75223437.30,3.82
25113.89,74946001.81,3.82
21626.53,74625863.28,3.81
19107.99,74394660.97,3.81
17258.18,74233186.55,3.81
16465.58,74218999.80,3.81
15540.48,74202441.30,3.80
14378.28,74182144.51,3.80
15071.78,74211850.33,3.80
15732.28,74240142.71,3.80
16395.17,74268537.43,3.81
17054.62,74296784.87,3.81
16854.87,74288319.31,3.81
15695.05,74238954.00,3.81
14862.32,74203510.77,3.81
14029.87,74168079.16,3.81
13578.46,74147991.06,3.81
13733.07,74149646.41,3.81
13887.23,74151296.96,3.81
14014.40,74152658.52,3.81
15489.62,79117544.20,3.81
25281.46,114095611.31,3.81
39245.02,163975771.29,4.08
48666.74,197631741.86,4.08
53286.38,210091683.75,4.08
60892.57,221976439.06,4.08
66428.53,230626443.20,4.05
72044.49,239401438.91,4.05
72481.23,240074314.50,4.05
56651.79,215286512.20,4.05
40782.15,190435758.10,4.01
27792.60,170095016.61,4.01
18422.72,155363640.07,4.01
18744.23,155352232.83,4.01
19136.87,155338301.90,4.01
19420.80,155328228.20,4.01
19369.21,155327325.60,4.01
18548.23,155347542.81,4.01
17901.12,155363478.29,4.00
17332.07,155377491.59,4.00
17098.43,155419351.80,4.00
16686.14,155556123.02,4.00
16389.78,155654435.23,4.01
16094.61,155752352.96,4.01
15955.25,155811589.52,4.01
16192.63,155811508.02,4.01
16445.18,155811421.31,4.01
16643.00,155811353.38,4.01
16836.73,155811286.87,4.01
16737.36,155809050.21,4.01
16279.17,155799803.16,4.01
15962.36,155793409.51,4.01
16158.54,155796883.21,4.01
17175.81,155815545.96,4.01
17915.32,155829112.92,4.04
18651.58,155842620.20,4.04
19393.01,155856222.21,4.04
20883.21,155876292.13,4.04
35330.81,156019256.72,4.06
46641.06,156131176.01,4.06
54004.17,155998320.14,4.06
49960.65,154434368.68,4.06
45233.26,152605906.98,4.04
41728.21,151250224.44,4.04
36696.01,149303868.59,4.04
33746.17,148365250.88,4.04
29110.01,147893506.06,4.03
25206.82,147496343.17,4.03
21298.58,147098665.64,4.03
20918.99,147087290.12,4.03
28761.51,148035893.12,4.12
34046.49,148675145.81,4.12
44629.80,149800449.34,4.12
105577.80,155742584.80,4.12
179135.22,162914078.19,4.06
233261.07,168191087.61,4.06
268033.86,171577507.24,4.06
258336.88,170606017.88,4.06
247367.91,169507095.08,3.97
237566.23,168525116.26,3.97
229348.09,167701784.37,3.97
221088.98,166874348.10,3.97
211251.68,165888801.02,3.97
203014.68,165063579.53,3.97
194739.39,164234521.72,3.97
186487.12,163407770.97,3.97
175492.80,162306308.20,4.05
167250.58,161480563.78,4.05
159013.01,160655285.16,4.05
150932.34,159845725.34,4.05
139525.53,158702937.56,3.93
131266.95,157875554.02,3.93
122986.61,157045990.85,3.93
114226.76,156168388.01,3.93
103465.88,155090312.28,3.96
95186.47,154260841.40,3.96
86894.29,153430091.74,3.96
78548.42,152593963.33,3.96
67659.76,151503086.69,3.77
59376.53,150673233.49,3.77
51118.17,149845871.93,3.77
42858.67,149018396.10,3.77
31659.20,147896380.69,3.67
23383.20,147067252.57,3.67
29645.75,147018126.69,3.67
46004.12,123317980.67,3.67
32939.73,153621654.03,4.06
40232.73,205876110.94,4.06
45497.71,245079393.51,4.06
40125.24,214889578.45,4.06
35490.96,188847888.58,4.00
31106.36,164209228.65,4.00
27177.00,142725878.32,4.00
25456.36,142569980.67,4.00
23400.55,142383714.43,4.00
21805.13,142239161.95,4.00
20749.96,142106767.12,4.00
24318.73,141919139.38,4.00
28794.43,141683829.54,4.00
32100.35,141510021.02,4.00
34592.04,141376141.40,4.00
30794.71,141537288.57,4.00
26006.82,141740472.44,4.00
22482.33,141890041.10,4.00
19459.41,142016698.67,4.00
19392.70,141995886.76,4.00
19310.83,141970346.95,4.00
19248.72,141950971.40,4.00
19164.79,141934338.04,4.00
18824.92,141917951.77,4.00
18412.97,141898090.31,4.00
18110.15,141883490.45,4.00
17891.86,141872694.42,4.00
18605.39,141902871.48,4.00
19498.37,141940638.11,4.00
20263.86,141973012.78,4.00
20873.43,141999138.51,4.00
21202.51,142014286.84,4.00
21439.37,142025190.26,3.98
21674.12,142035995.97,3.98
22113.14,139507494.67,3.98
23671.54,127584423.64,3.98
24897.14,118207523.29,3.80
26125.53,108809301.27,3.80
27121.45,101102615.96,3.80
27149.41,99892307.85,3.80
27182.49,98460895.22,3.80
27207.98,97358013.02,3.80
27038.87,96391542.68,3.80
23984.58,96172896.10,3.80
19056.38,95820102.37,3.80
16184.02,95614479.69,3.80
15845.15,105964252.58,3.80
20151.82,145945335.02,3.80
23311.35,175276820.15,4.06
26454.36,204455075.90,4.06
28010.82,228781821.08,4.06
26061.49,269354848.70,4.06
24355.97,304853049.15,4.14
22737.38,338542070.75,4.14
21290.42,368814966.54,4.14
21479.04,368856399.82,4.14
21729.20,368911349.49,4.15
21910.37,368951146.48,4.15
22066.22,368986071.76,4.15
21468.57,368884782.17,4.15
21028.47,368810193.81,4.14
20594.33,368736617.05,4.14
20278.86,367880994.65,4.14
23520.97,338488991.94,4.14
27639.72,301149694.05,4.04
30813.33,272378685.60,4.04
33574.38,245519739.55,4.04
31803.32,223762061.97,4.04
29642.71,197218711.56,4.02
27990.94,176926529.66,4.02
26596.71,158322024.63,4.02
29578.55,158488159.65,4.02
33282.50,158694528.32,4.02
38057.22,158960555.31,4.02
37355.58,158915867.94,4.02
32012.17,158597400.89,4.03
29161.82,158427519.84,4.03
26542.55,158275359.19,4.03
25177.82,158300818.92,4.03
23404.51,158333901.16,4.02
22097.40,158358286.07,4.02
20889.19,158382021.64,4.02
21165.62,158422812.54,4.02
21528.22,158476320.49,4.01
21796.45,158515900.87,4.01
22037.15,158551912.38,4.01
21418.46,158481084.90,4.01
20571.05,158384074.53,4.07
19945.05,158312411.46,4.07
20151.88,158440261.80,4.07
32215.74,161533756.75,4.07
45782.12,165012538.59,4.09
56844.29,167849173.11,4.09
67666.28,170624219.50,4.09
64366.39,172602913.72,4.09
51382.69,179983461.63,4.31
44468.65,183913724.56,4.31
37706.04,187757910.39,4.31
38019.44,218254502.35,4.31
45004.48,346102611.52,4.57
48981.22,418889601.68,4.57
52873.29,490126788.91,4.57
47132.93,459985831.87,4.57
30962.82,368088467.68,4.50
21262.90,312962285.19,4.50
12976.41,265992312.27,4.50
12495.85,266010240.71,4.50
11970.05,266029856.71,4.49
11526.18,266046416.11,4.49
11092.72,266062587.20,4.49
11333.59,266065912.66,4.49
12325.69,266076317.94,4.50
12859.06,266081911.96,4.50
13340.45,266086664.50,4.50
12695.33,266067595.55,4.50
11840.47,266042327.58,4.50
11210.99,266023720.99,4.50
10641.88,266007083.53,4.50
10807.90,266012821.29,4.50
10938.27,266017326.72,4.50
11069.68,266021868.25,4.50
11184.22,266026073.05,4.50
11311.33,266033254.22,4.50
11446.52,266040891.31,4.50
11562.18,266047425.79,4.50
11689.66,266054162.51,4.50
12131.90,266057849.26,4.50
12688.73,266062491.37,4.50
13118.64,266066075.32,4.50
13633.42,266075988.46,4.50
17307.38,266327699.24,4.50
24862.81,266845336.96,4.43
28537.94,267097127.89,4.43
28985.59,259247251.97,4.43
28069.58,231570834.31,4.43
27427.51,212171049.45,4.14
26781.57,192654409.00,4.14
25549.33,183079846.15,4.14
21029.88,183781633.99,4.14
17421.93,184341880.92,4.14
13817.38,184901601.87,4.14
10926.94,185371119.38,4.14
12894.93,185376430.70,4.14
15074.74,185382313.68,4.14
16901.40,185387243.55,4.14
18693.98,185392081.45,4.14
21321.01,243143814.53,4.14
26616.19,364062513.55,4.68
29383.63,427258827.80,4.68
30166.29,474840274.65,4.68
26755.26,550093998.57,4.68
23991.48,611067954.53,4.85
21284.90,670780076.27,4.85
18647.93,728734119.65,4.85
18242.87,728726101.18,4.85
17773.90,728716817.72,4.86
17381.94,728709058.58,4.86
16989.21,728701284.28,4.86
18373.74,728467734.56,4.86
23931.78,727544507.07,4.85
26871.12,727056264.74,4.85
30220.37,718003968.44,4.85
30139.48,646637483.92,4.85
30066.89,582591800.43,4.57
29996.31,520320846.58,4.57
29918.23,457997837.12,4.57
28952.35,421769114.85,4.57
27738.63,376244454.13,4.55
26786.46,340529906.47,4.55
25851.85,305474171.78,4.55
25192.37,302367169.82,4.55
22881.62,302219238.76,4.55
21624.55,302138762.59,4.55
20393.47,302059950.39,4.55
20375.13,302059754.90,4.55
20869.89,302095390.89,4.57
21161.62,302116403.66,4.57
21434.89,302136086.37,4.57
22015.71,302259263.00,4.57
24060.38,302699491.01,4.56
25220.74,302949322.04,4.56
26391.36,303201363.18,4.56
25397.25,303165494.42,4.56
21109.51,302935710.94,4.54
18717.18,302807503.63,4.54
16307.34,302678358.11,4.54
15596.67,302617710.64,4.54
13691.76,302426699.90,4.53
12634.01,302320636.87,4.53
11576.45,302214592.36,4.53
22961.35,303062429.02,4.53
48167.61,304945233.72,4.71
62077.80,305984267.87,4.71
69003.44,306768566.46,4.71
55721.59,307552526.26,4.71
44462.02,308217120.80,4.99
33468.00,308866041.01,4.99
22332.95,312312398.98,4.99
27097.03,474170398.14,4.99
32846.48,669505900.35,5.89
37554.06,829444352.95,5.89
42257.69,989248725.81,5.89
39452.69,958040873.28,5.89
26373.36,765914296.14,5.68
18422.89,649127139.28,5.68
10945.58,539290363.41,5.68
10389.52,532205417.44,5.68
10112.48,532219775.93,5.69
9955.66,532227903.45,5.69
9799.61,532235991.42,5.69
9838.78,532238344.48,5.69
10036.82,532244843.96,5.69
10149.21,532248532.57,5.69
10259.17,532252141.39,5.69
10237.47,532247128.43,5.69
10082.25,532224244.67,5.71
9995.52,532211456.89,5.71
9908.56,532198636.71,5.71
11011.21,532129349.28,5.71
16733.85,531784369.62,5.70
19421.89,531622325.42,5.70
21083.04,531522336.01,5.70
17976.66,531711010.77,5.70
15229.68,531877856.37,5.71
12510.55,532043010.92,5.71
9798.74,532207720.18,5.71
9709.13,532221380.11,5.71
10017.82,532233144.78,5.71
10195.37,532239911.30,5.71
10368.76,532246519.58,5.71
10173.84,532254362.84,5.71
9243.30,532282295.52,5.51
8718.57,532298046.95,5.51
8194.39,532313781.62,5.51
10736.02,502774346.63,5.51
17038.64,431952259.54,4.86
20686.79,390958257.74,4.86
24042.06,351941502.87,4.86
20171.94,354071009.81,4.86
16187.04,356263676.80,4.85
12477.95,358304581.88,4.85
8768.79,360345519.48,4.85
7979.67,360757809.00,4.85
7781.07,360773124.37,4.86
7665.95,360782002.55,4.86
7550.41,360790912.69,4.86
8889.92,400962056.81,4.86
14583.30,569133554.51,5.75
17826.15,664921281.30,5.75
21302.31,767600215.10,5.75
21597.59,846284242.55,5.75
21453.82,1103931113.16,6.38
21369.76,1254571848.77,6.38
21286.68,1403469563.78,6.38
19893.69,1432000836.96,6.38
13974.70,1433871737.38,6.40
10610.59,1434935076.91,6.40
7228.91,1436003975.44,6.40
6696.06,1436198419.14,6.40
7125.24,1436172178.97,6.41
7371.34,1436157131.87,6.41
7620.00,1436141928.80,6.41
9754.62,1396771365.70,6.41
23112.81,1144625342.62,5.90
28423.93,1044373843.12,5.90
30197.82,974869688.67,5.90
27887.61,854077859.08,5.90
26090.63,760120252.80,5.78
24306.69,666845227.76,5.78
22748.43,595764375.56,5.78
20891.14,595879105.61,5.78
19236.14,595981339.86,5.78
17580.58,596083609.43,5.78
15960.34,596183696.37,5.78
16115.69,596183821.31,5.78
17491.01,596136034.14,5.79
18306.46,596107700.43,5.79
19104.80,596079961.34,5.79
20277.85,596071102.51,5.79
24768.81,596063386.29,5.80
27313.73,596059013.69,5.80
29862.72,596054634.10,5.80
29287.79,596201928.68,5.80
23857.77,596865013.14,5.79
20656.15,597255976.30,5.79
17459.29,597646359.55,5.79
15823.32,597653704.64,5.79
11885.01,597262212.89,5.78
9610.95,597036157.66,5.78
7335.16,596809930.79,5.78
11296.06,576904073.64,5.78
31477.06,487712257.08,4.79
43073.38,436461264.90,4.79
55434.35,368869008.60,4.79
42856.09,354536509.45,4.79
32396.50,342618153.75,4.76
22179.87,330976649.36,4.76
13682.25,320718584.29,4.76
17630.82,317652022.43,4.76
21337.57,314773251.09,4.72
25045.81,311893332.63,4.72
28747.76,309018293.24,4.72
28244.76,309557516.86,4.72
22724.84,314479096.58,4.96
19472.32,317379052.14,4.96
16215.59,320282766.45,4.96
16393.58,409418120.42,4.96
21021.60,817073913.29,6.25
25142.99,1180103627.32,6.25
28058.32,1333198321.71,6.25
36120.46,1137867935.55,6.25
43036.49,970305909.07,5.68
49979.84,802081791.31,5.68
56931.22,633662993.59,5.68
52490.57,611671998.06,5.68
35316.42,578500800.68,5.74
24752.58,558097135.83,5.74
14143.40,537605924.41,5.74
11536.38,532247156.87,5.74
12283.00,532237975.35,5.75
12722.34,532232572.59,5.75
13164.43,532227135.89,5.75
13229.67,532225611.31,5.75
12938.17,532225647.20,5.75
12800.36,532225664.17,5.75
12702.01,532225944.80,5.75
12862.61,532229003.38,5.75
13005.25,532231720.03,5.76
13148.30,532234444.39,5.76
13291.57,532237173.12,5.76
13046.07,532242368.05,5.76
12074.27,532260341.82,5.76
11478.56,532271359.71,5.76
10882.95,532282375.73,5.76
10995.51,532271735.14,5.76
12445.69,532203052.69,5.76
13310.39,532162099.43,5.76
14176.95,532121058.24,5.76
15438.42,532052074.00,5.76
18940.19,531838037.51,5.77
21382.27,531688771.99,5.77
23848.15,531538051.41,5.77
23742.32,531544553.40,5.77
19337.26,531813963.90,5.77
16688.50,531975959.99,5.77
14035.61,532138209.12,5.77
13113.92,532194771.80,5.77
12817.14,532213630.39,5.77
12631.70,532225414.06,5.77
12445.47,532237247.91,5.77
12378.18,532240186.04,5.77
12335.55,532236433.45,5.77
12301.26,532233413.86,5.77
12280.12,532231562.56,5.77
12409.20,532243351.82,5.77
12539.23,532255226.91,5.77
12664.08,532266629.40,5.77
12789.42,532278076.62,5.77
12855.04,532275432.89,5.77
12992.12,532248546.69,5.77
13074.49,532232389.89,5.77
13157.04,532216196.63,5.77
13159.99,532213874.54,5.77
13037.23,532229037.59,5.78
12964.82,532237982.24,5.78
12894.09,532246719.36,5.78
13008.01,532222145.38,5.78
14006.79,532023317.77,5.77
14478.73,531929367.94,5.77
15887.32,531828600.72,5.77
20207.51,531628899.54,5.78
22726.68,531512450.18,5.78
25234.50,531396526.04,5.78
25088.75,531423557.11,5.78
22752.62,531610659.16,5.78
21256.09,531730517.24,5.78
19794.61,531847568.25,5.78
19879.97,521974138.92,5.78
23479.19,467796023.59,4.90
25614.74,435650129.92,4.90
27700.25,404257582.39,4.90
28001.35,383847924.53,4.90
20562.71,374518421.22,4.90
15786.55,368528189.67,4.90
11008.72,362535866.07,4.90
9510.37,360794835.88,4.90
9005.80,360815930.32,4.90
8710.24,360828286.77,4.90
8412.83,360840720.65,4.90
8215.40,360845517.28,4.90
7781.62,360845274.22,4.88
7516.02,360845125.41,4.88
7249.35,360844975.99,4.88
7340.98,360841459.11,4.88
8299.69,360823798.19,4.89
8982.93,360811211.69,4.89
10514.33,360780238.09,4.89
16111.74,360655684.80,4.90
19661.01,360576706.53,4.90
23211.55,360497700.22,4.90
23730.20,360490618.49,4.90
19163.60,360616254.58,4.81
16395.62,360692406.82,4.81
13648.30,360767990.84,4.81
13647.02,418361296.60,4.81
19119.39,721840149.26,6.30
22447.53,906406794.73,6.30
25765.40,1090404210.38,6.30
25930.45,1181254689.30,6.30
19464.06,1284622121.87,6.45
15593.99,1346486458.68,6.45
11637.55,1409731537.96,6.45
10023.01,1435610264.89,6.45
10050.75,1435553386.14,6.47
10067.73,1435518573.38,6.47
10084.81,1435483567.02,6.47
9998.62,1435495023.18,6.47
9442.91,1435650962.41,6.48
9110.28,1435744301.80,6.48
8775.57,1435838224.25,6.48
8695.43,1435875531.65,6.48
9016.82,1435868282.97,6.49
9212.13,1435863877.86,6.49
9406.59,1435859492.06,6.49
9380.97,1435867672.20,6.49
8789.22,1435923849.88,6.51
8428.20,1435958123.88,6.51
8061.61,1435992926.04,6.51
9271.88,1435575387.52,6.51
16103.02,1433407719.95,6.51
20380.16,1432050491.91,6.51
24651.25,1430695180.57,6.51
25448.44,1430487540.76,6.51
20184.53,1432406800.02,6.36
16939.81,1433589849.72,6.36
13694.55,1434773093.96,6.36
14213.15,1381885933.13,6.36
25796.31,1067834058.27,5.86
33483.52,859412347.47,5.86
41676.00,637291311.80,5.86
41542.65,596484543.05,5.86
36010.38,595926511.15,5.85
32228.26,595545014.07,5.85
28444.80,595163382.01,5.85
26485.14,595068763.98,5.85
24964.70,595502533.87,5.84
24016.65,595773006.16,5.84
23062.52,596045212.24,5.84
22655.46,596097473.79,5.84
22810.85,595678022.16,5.84
22906.28,595420449.37,5.84
23002.31,595161218.63,5.84
23025.41,595109293.13,5.84
22889.07,595549781.28,5.85
22819.62,595774153.66,5.85
22749.56,596000478.52,5.85
24031.58,595878131.73,5.85
28179.83,595405969.91,5.85
31009.45,595083896.93,5.85
33839.09,594761820.54,5.85
34205.06,594658112.74,5.85
29812.89,594820704.88,5.84
27054.73,594922808.30,5.84
24302.60,595024688.50,5.84
23219.46,595055706.59,5.84
24560.40,594951345.72,5.85
25402.22,594885830.05,5.85
26402.30,594873924.54,5.85
23990.43,595557454.13,5.85
22446.77,595994932.48,5.85
20906.30,596431504.59,5.85
20310.83,596614975.29,5.85
20654.30,596599360.32,5.84
20870.82,596589517.04,5.84
21087.91,596579647.46,5.84
21138.45,596499917.39,5.84
20782.73,596011158.43,5.84
20563.94,595710536.13,5.84
20349.43,595415803.08,5.84
19765.80,595222132.96,5.84
16719.73,595002477.00,5.82
14540.53,594845332.16,5.82
12601.10,594705477.04,5.82
11785.31,593719054.04,5.82
11345.02,589374195.81,5.80
11057.27,586534581.90,5.80
10765.69,583657281.10,5.80
17492.04,572066827.41,5.80
66620.47,500375456.45,4.80
97420.38,455430233.69,4.80
128100.29,410660131.48,4.80
138150.75,372800348.93,4.80
99756.68,281082874.98,4.10
75543.27,223240809.77,4.10
51355.17,165459186.22,4.10
39328.88,140002471.39,4.10
41824.55,165506732.37,4.05
43441.73,182033326.59,4.05
45060.30,198574204.73,4.05
45629.28,204805085.42,4.05
44031.09,190995232.98,4.07
42997.78,182066464.89,4.07
41958.66,173087557.41,4.07
40842.52,171467522.06,4.07
37077.39,195145900.62,4.13
34684.70,210193170.49,4.13
32294.08,225227438.93,4.13
29949.59,228809394.88,4.13
22854.07,194024959.32,4.06
18227.38,171343466.46,4.06
12796.67,144720403.79,4.06
11590.51,137746756.37,4.06
12500.11,137830665.80,4.06
13127.48,137888540.59,4.06
13754.57,137946388.93,4.06
14931.21,138020090.28,4.06
20670.92,138306640.34,4.07
24367.64,138491196.42,4.07
28099.64,138677513.40,4.07
31207.71,138832941.99,4.07
24692.66,138514905.04,4.05
20021.33,138286870.38,4.05
15324.74,138057602.72,4.05
12678.38,137929773.56,4.05
13674.94,137992147.96,4.05
14143.26,138021459.38,4.05
14578.56,138049284.62,4.05
13658.52,138020629.81,4.05
12760.63,137992664.53,4.05
11881.93,137965297.33,4.05
10999.22,137937804.74,4.05
10916.33,137932675.11,4.05
11497.17,137941417.69,4.04
11910.73,137947642.55,4.04
12325.19,137953880.80,4.04
12505.30,137958644.03,4.04
12105.80,137967898.61,4.05
11848.81,137973851.78,4.05
11590.87,137979827.10,4.05
13314.98,135221872.72,4.05
22698.97,121487722.29,3.90
29240.40,111913872.80,3.90
35919.15,102139047.98,3.90
38682.66,96116712.43,3.90
31791.57,92412697.02,3.86
27228.91,89960236.46,3.86
22674.28,87512090.89,3.86
20664.57,86089666.62,3.86
25965.57,86375362.92,3.86
29415.51,86561296.49,3.86
32886.51,86748365.53,3.86
34328.74,86827569.11,3.86
28174.97,86508584.62,3.85
22613.88,86220322.13,3.85
18670.41,86015909.55,3.85
19122.76,112421374.10,3.85
23954.18,206204112.70,4.17
27381.53,272732621.16,4.17
30834.08,339750267.91,4.17
31670.90,378513152.67,4.17
26952.37,417926823.33,4.24
23878.95,443599002.62,4.24
20808.79,469243949.74,4.24
18744.39,488929898.43,4.24
22529.99,488395370.52,4.24
25099.05,488032617.23,4.24
27664.51,487670373.25,4.24
29669.67,475108673.25,4.24
31918.99,393240063.95,4.10
33354.14,341005082.65,4.10
34806.71,288135765.34,4.10
34693.94,252886967.66,4.10
29819.21,220668348.63,4.06
26398.21,198057861.37,4.06
22952.85,175286414.15,4.06
21587.61,160926930.76,4.06
28127.92,161205353.05,4.08
32440.72,161388949.44,4.08
36787.60,161573996.75,4.08
39225.87,161675366.75,4.08
34062.86,161432916.76,4.07
30300.91,161256259.51,4.07
24580.78,161002101.09,4.07
23198.29,161134593.99,4.06
22295.14,161221148.37,4.06
21394.36,161307475.64,4.06
20750.39,161348100.77,4.06
20082.32,161247544.29,4.06
19633.80,161180034.10,4.06
19185.02,161112485.60,4.06
18884.64,161057453.85,4.06
18863.80,160967609.24,4.07
18850.07,160908459.15,4.07
18836.32,160849194.76,4.07
20851.18,163721154.43,4.07
44036.43,197077368.92,4.28
56444.50,214928640.24,4.28
69026.48,233030122.56,4.28
70509.54,261074076.70,4.28
60985.86,349701150.01,4.69
54177.42,413060256.22,4.69
47252.67,477501755.97,4.69
42090.08,503490395.84,4.69
34580.27,420293492.50,4.53
29379.78,362680242.56,4.53
24182.24,305099658.91,4.53
20817.59,265059411.70,4.53
23223.91,264950734.84,4.53
24828.55,264878264.39,4.53
26427.20,264806064.07,4.53
27075.18,264782004.60,4.53
22643.71,265030825.04,4.54
19698.11,265196216.77,4.54
16740.89,265362260.40,4.54
14513.50,265481047.34,4.54
13274.83,265490549.00,4.54
12429.05,265497036.89,4.54
11581.82,265503535.82,4.54
11015.82,265506760.58,4.54
11389.19,265492568.53,4.54
11638.78,265483081.12,4.54
11887.31,265473634.50,4.54
12101.62,265467947.95,4.54
12303.51,265496736.71,4.54
12442.35,265516534.99,4.54
12656.10,265547013.15,4.54
12738.65,265552880.92,4.54
12938.13,265560536.09,4.55
13081.63,265566042.91,4.55
13222.60,265571452.98,4.55
13227.24,265570452.18,4.55
12912.73,265552380.32,4.54
12680.56,265539039.97,4.54
12447.56,265525651.92,4.54
13077.43,264508493.18,4.54
22492.98,252705033.68,4.39
28816.57,244777712.25,4.39
35187.70,236790775.80,4.39
39318.48,228856904.22,4.39
29237.33,196583649.59,4.17
24309.83,180809035.09,4.17
19384.97,165042853.92,4.17
18790.26,163170799.88,4.17
18758.54,163172882.43,4.18
18736.71,163174316.03,4.18
18714.97,163175743.97,4.18
18624.67,163170898.75,4.18
18258.22,163146414.89,4.18
17982.08,163127964.41,4.18
17705.77,163109502.85,4.18
17701.71,166037362.81,4.18
19899.70,199238181.82,4.33
21386.07,221689949.53,4.33
22871.96,244134350.28,4.33
23821.00,281713689.80,4.33
22090.75,518433150.32,4.94
20898.94,681487233.96,4.94
19706.36,844646967.11,4.94
18549.49,951641019.58,4.94
15525.31,952394198.95,4.95
13372.42,952930379.43,4.95
11221.30,953466119.26,4.95
9836.78,952491263.11,4.95
14736.73,932240211.28,4.90
18142.64,918163889.06,4.90
21565.89,904015902.18,4.90
24836.61,883139954.86,4.90
31067.47,688586105.14,4.62
35435.20,552206983.18,4.62
42614.10,328051388.05,4.62
40212.76,309801179.10,4.62
30935.84,309452527.02,4.61
24793.49,309221680.51,4.61
18605.57,308989121.14,4.61
17237.80,308939396.42,4.61
21130.93,309092728.35,4.62
24093.99,309209429.54,4.62
26987.47,309323390.18,4.62
28736.70,309401494.60,4.62
25064.52,309347226.81,4.61
22463.06,309308782.15,4.61
19865.09,309270389.07,4.61
17686.62,309254866.80,4.61
16923.95,309550852.76,4.62
16193.36,309834390.31,4.62
15665.77,310039142.56,4.62
15277.85,310049096.15,4.62
14521.97,309732212.18,4.60
13938.96,309487794.29,4.60
13362.03,309245932.13,4.60
14262.87,310287113.63,4.60
29041.53,323817797.29,4.78
39540.19,333429912.97,4.78
50101.34,343099231.40,4.78
58922.77,353020097.14,4.78
50784.36,392885152.05,5.11
45123.43,420614533.52,5.11
39596.98,447685227.75,5.11
34866.94,480034602.95,5.11
39481.47,760140702.50,6.07
41522.22,884016220.39,6.07
43553.32,1007305896.67,6.07
40081.15,961196961.79,6.07
28980.26,797804658.53,5.72
21381.09,685953583.08,5.72
13786.39,574168174.67,5.72
10750.16,531180701.40,5.72
10262.19,531231740.50,5.73
9893.92,531270259.72,5.73
9523.40,531309013.21,5.73
9292.63,531334748.91,5.73
9624.77,531315334.71,5.73
9866.17,531301224.39,5.73
10115.39,531286656.69,5.73
10305.16,531275015.11,5.73
9806.10,531289640.04,5.74
9511.04,531298286.81,5.74
9214.73,531306970.08,5.74
9053.43,531312562.00,5.74
9061.19,531317041.08,5.75
9067.42,531320632.81,5.75
9073.64,531324220.10,5.75
9082.44,531327329.98,5.75
9154.37,531327747.21,5.75
9204.77,531328039.57,5.75
9255.07,531328331.38,5.75
9460.09,531317698.96,5.75
13569.46,531038083.92,5.75
16472.25,530840568.77,5.75
21180.28,530520218.77,5.75
20879.99,530539163.56,5.75
17011.71,530796849.04,5.75
14217.58,530982980.36,5.75
11375.90,531172279.44,5.75
10377.40,524332442.56,5.75
14292.49,481450017.68,5.12
17409.67,447307318.47,5.12
20527.65,413155731.72,5.12
22813.00,383725827.15,5.12
17661.07,358350900.07,4.87
14136.68,340992154.00,4.87
10695.66,324044067.11,4.87
7732.34,309546358.28,4.87
7383.90,309560136.66,4.87
6998.44,309575378.51,4.87
6757.43,309584908.31,4.87
6779.45,309585278.09,4.87
7280.08,309570768.92,4.86
7662.40,309559688.58,4.86
8048.84,309548488.75,4.86
8861.79,333802628.37,4.86
13152.53,522463533.80,5.64
16535.18,671196125.99,5.64
19914.60,819786767.67,5.64
22939.76,961930730.14,5.64
21744.15,1258746702.45,6.65
20901.56,1467922942.86,6.65
20079.95,1671892138.29,6.65
19242.52,1879789338.70,6.65
17275.03,1909536550.56,6.65
11538.24,1912078923.09,6.65
8488.94,1913430279.73,6.65
8453.15,1876272620.27,6.65
16559.68,1716391255.59,6.26
22721.35,1594867599.78,6.26
28882.62,1473351671.08,6.26
32610.73,1361456841.55,6.26
28872.62,1134048368.34,5.87
25913.89,954052896.63,5.87
22958.66,774271145.28,5.87
20200.63,607784561.17,5.87
19404.13,607736417.46,5.86
18834.17,607701966.48,5.86
18262.02,607667383.25,5.86
17762.56,607633198.87,5.86
19240.52,607508291.35,5.87
19980.80,607445728.46,5.87
20715.71,607383618.35,5.87
20845.84,607463240.12,5.87
20573.81,607823168.45,5.88
20374.79,608086484.56,5.88
20174.53,608351449.33,5.88
19878.73,608548753.22,5.88
18845.18,608784712.90,5.87
17985.60,608980956.88,5.87
17145.16,609172831.41,5.87
16317.47,609355398.89,5.87
17631.25,608574209.82,5.86
18582.67,608008493.09,5.86
19535.47,607441949.76,5.86
20706.34,606244805.32,5.86
32544.27,577976975.31,5.40
41144.40,557440703.44,5.40
49772.03,536838766.37,5.40
57673.12,516972053.24,5.40
45787.76,499633162.09,5.08
37063.33,486905574.69,5.08
28348.54,474192054.86,5.08
20110.21,462275652.57,5.08
22611.79,470815161.31,5.19
24427.20,477012317.34,5.19
26254.83,483251188.42,5.19
27979.00,494549093.79,5.19
26840.99,758400188.48,6.61
25998.32,953773910.04,6.61
24759.72,1240948878.48,6.61
25989.14,1328083505.04,6.61
33758.48,1101560860.52,5.80
39750.38,926861068.16,5.80
45783.86,750949007.49,5.80
46813.34,653652826.56,5.80
36612.53,616222902.10,5.80
28466.32,586331995.60,5.80
20358.46,556581740.65,5.80
13609.75,531202427.84,5.80
16962.57,530963876.73,5.80
19579.46,530777686.18,5.80
22193.03,530591731.70,5.80
24745.88,530410097.47,5.80
22778.12,530357306.67,5.79
17698.64,530237214.53,5.79
12347.71,530110704.40,5.79
11919.04,530098315.69,5.79
12558.10,530105424.37,5.78
13009.89,530110449.93,5.78
13462.08,530115479.92,5.78
13636.23,530119296.53,5.78
13280.48,530125204.66,5.80
12993.05,530129978.31,5.80
12705.64,530134751.45,5.80
12468.39,530138636.32,5.80
12787.04,530132025.71,5.80
13031.82,530126947.90,5.80
13276.22,530121877.67,5.80
13515.80,530116907.72,5.80
13350.54,528160553.86,5.73
12774.46,521587936.80,5.73
12530.35,518802845.94,5.73
18320.88,516760290.21,5.73
40664.88,512210423.58,5.68
57030.20,508877982.96,5.68
73548.19,505514455.47,5.68
80612.37,504048601.46,5.68
61208.08,507830315.76,5.72
45005.34,510988078.30,5.72
29147.96,514078533.84,5.72
13204.58,517190757.69,5.72
16901.78,516822405.15,5.73
19760.63,516537577.58,5.73
22612.70,516253425.67,5.73
25468.93,515968859.59,5.73
34111.83,512925419.15,5.68
50421.44,507119363.25,5.68
58268.66,504325832.54,5.68
56454.81,504602324.65,5.68
40928.38,508724576.66,5.73
29630.45,511724167.07,5.73
18165.82,514768018.02,5.73
11962.79,516510087.76,5.73
12393.17,516909160.51,5.73
12743.52,517234026.33,5.73
13093.92,517558933.56,5.73
13436.12,517863074.45,5.73
13967.15,517588524.35,5.74
14410.37,517359377.13,5.74
14843.90,517135234.62,5.74
15299.96,516899451.36,5.74
14771.95,514706594.20,5.68
13525.09,509861465.14,5.68
12832.17,507168876.07,5.68
12313.29,504775731.89,5.68
12443.29,501593549.40,5.63
12558.05,498784373.02,5.63
12674.14,495942826.79,5.63
12789.63,493115628.69,5.63
14987.53,494596814.03,5.68
20653.08,498698501.14,5.68
24124.78,501211910.30,5.68
27599.65,503727615.28,5.68
29517.62,477334473.68,4.91
33372.88,406996892.40,4.91
35764.64,363360315.40,4.91
37262.59,311260593.45,4.91
29203.34,306305270.11,4.83
22468.38,302164203.94,4.83
15314.82,297765756.43,4.83
9884.97,294734404.57,4.83
9667.84,298106836.81,4.89
9476.81,301073796.37,4.89
9286.17,304034825.94,4.89
9099.95,306927102.27,4.89
8885.00,305609185.49,4.83
8381.89,301285135.83,4.83
8071.45,298617048.17,4.83
7761.46,295952792.95,4.83
8249.48,296278601.20,4.86
9602.68,297870365.57,4.86
10463.80,298883285.98,4.86
11370.88,300029966.66,4.86
10874.62,300511529.64,4.85
10433.41,300939664.92,4.85
9985.64,301374170.70,4.85
9547.08,301799745.46,4.85
9467.56,302945158.08,4.89
9361.78,305842154.76,4.89
9296.45,307631504.43,4.89
9230.96,309425098.08,4.89
10578.03,309564794.57,4.89
14163.41,309357682.72,4.89
16410.18,309227896.90,4.89
18637.46,309099236.28,4.89
21175.63,347595516.94,5.13
30115.75,505216675.77,5.13
33177.77,572699169.70,5.13
26578.79,937184424.63,6.64
20819.74,1255277302.25,6.64
15189.93,1566232247.82,6.64
9485.32,1881318095.96,6.64
9384.51,1909585564.86,6.67
10450.38,1909365312.40,6.67
11104.29,1909230188.44,6.67
11758.17,1909095070.92,6.67
11416.92,1904467177.60,6.60
10289.55,1892180459.64,6.60
9583.56,1884486218.05,6.60
8894.19,1876973102.32,6.60
8815.11,1862408041.37,6.52
8971.78,1836632043.11,6.52
9050.29,1823714348.44,6.52
9321.69,1811467725.99,6.52
10297.37,1779628531.52,6.36
11027.84,1755791332.68,6.36
11756.33,1732018789.53,6.36
12690.05,1714557889.33,6.36
15735.58,1702238926.70,6.31
18337.63,1691713810.05,6.31
20937.13,1681198961.80,6.31
23642.50,1666171493.50,6.31
28141.67,1430493740.18,5.33
32003.00,1228227103.58,5.33
35876.69,1025313564.48,5.33
40041.74,807137639.86,5.33
41512.23,648685698.56,5.54
34867.46,602629229.09,5.54
29598.16,566106448.50,5.54
24447.74,530407676.44,5.54
23630.19,525453769.85,5.57
23794.66,528541177.95,5.57
23899.02,530500144.70,5.57
24001.13,532416997.91,5.57
23744.64,534551341.84,5.62
22997.24,539247030.25,5.62
22526.41,542205094.80,5.62
22056.48,545157594.36,5.62
21939.68,546135003.38,5.64
21896.75,547087531.49,5.64
21844.14,548254706.20,5.64
21643.07,547481387.13,5.59
21099.59,544639983.38,5.59
20746.70,542795013.68,5.59
20403.47,541000546.81,5.59
20757.60,540350315.85,5.61
22549.96,541238455.45,5.61
23820.27,541867906.97,5.61
25088.55,542496354.75,5.61
26413.29,542612066.56,5.62
29261.42,542513949.61,5.62
31093.68,542450828.92,5.62
32882.23,542389214.04,5.62
31860.36,541825715.40,5.58
26052.08,539603587.78,5.58
23439.03,538603889.27,5.58
22011.88,538158018.38,5.58
21324.46,538344523.53,5.58
20791.23,538489196.65,5.58
20255.09,538634658.11,5.58
19878.37,538755787.05,5.58
20172.89,538853502.50,5.58
20438.93,538941772.76,5.58
20706.14,539030425.85,5.58
20974.10,539119333.53,5.58
20676.75,537375400.73,5.53
19769.00,532551975.71,5.53
19188.04,529464994.84,5.53
18155.19,526688047.37,5.53
17086.25,531042943.62,5.58
16320.35,534163252.48,5.58
15511.61,537458082.07,5.58
14871.64,539562909.34,5.58
13378.66,543522558.34,5.64
12240.12,546542181.14,5.64
11102.85,549558455.38,5.64
10631.85,551000116.41,5.64
14067.52,543685921.11,5.52
17138.95,537147153.37,5.52
20201.69,530626883.25,5.52
23271.06,524092514.76,5.52
43311.11,511048760.44,5.23
100116.15,475776236.17,5.23
169258.36,432843072.09,5.23
294992.66,392628321.48,4.18
626490.62,295488448.16,4.18
839385.41,233103231.14,4.18
1051150.34,171049097.64,4.18
1111133.28,154144053.91,4.14
1113371.58,155443234.01,4.14
1114837.41,156294049.03,4.14
1116303.79,157145180.37,4.14
1117525.93,157509373.89,4.11
1119915.05,157921228.86,4.11
1121452.97,158186349.12,4.11
1122992.90,158451814.52,4.11
1126366.97,158942379.66,4.11
1141770.59,161126960.78,4.11
1147326.80,161914957.34,4.11
1152421.81,162582511.01,4.12
1165513.77,164271644.26,4.12
1174260.98,165400215.60,4.12
1182992.33,166526739.48,4.12
1185383.23,166870431.10,4.17
1185141.83,166941992.03,4.17
1184986.99,166987893.80,4.17
1184828.88,167034762.32,4.17
1184050.91,166894005.98,4.12
1181906.49,166431365.16,4.12
1180493.49,166126523.70,4.12
1179079.17,165821393.74,4.12
1178467.66,165759593.90,4.12
1177897.53,165940998.07,4.12
1177640.54,166022770.80,4.12
1177573.34,166084601.04,4.12
1178083.22,166166903.50,4.12
1178503.87,166234802.36,4.12
1178925.78,166302903.28,4.12
1179319.41,166369144.03,4.12
1178243.34,166324230.54,4.11
1177192.18,166280356.73,4.11
1176140.51,166236461.71,4.11
1175087.15,166192496.09,4.11
1187942.41,165528787.96,4.17
1231036.27,163432690.94,4.17
1261214.64,161964806.80,4.17
1291322.17,160500368.23,4.17
1356027.74,153610633.53,4.18
1465900.54,140061378.35,4.18
1526977.26,132529540.67,4.18
1572173.19,126954992.36,4.18
1572062.21,126958416.52,4.14
1571963.31,126961468.24,4.14
1571864.84,126964506.36,4.14
1571519.41,126918808.68,4.14
1567305.64,126134026.31,4.18
1563361.44,125399448.83,4.18
1559410.20,124663559.42,4.18
1555460.65,123927986.28,4.18
1551137.40,123189213.00,4.13
1546594.50,123055231.70,4.13
1542488.11,122934123.95,4.13
1536069.05,122725825.16,4.13
1544499.71,122132293.98,4.13
1550239.34,121728215.54,4.13
1555906.35,121329249.33,4.13
1561167.65,121113623.04,4.13
1571657.37,121263953.44,4.16
1580306.82,121387910.59,4.16
1588756.69,121509007.39,4.16
1597381.42,121632610.28,4.16
1598569.94,121381536.81,4.11
1588981.66,120091899.39,4.11
1581634.08,119103641.19,4.11
1574301.31,118117373.46,4.11
1570914.27,117597532.62,4.11
1572313.06,117526009.63,4.11
1573756.69,117452193.87,4.11
1574727.33,117424933.43,4.11
1576084.33,117463835.46,4.11
1577159.09,117494646.23,4.11
1578239.03,117525605.60,4.11
1578875.08,117546989.33,4.11
1576716.20,117513921.09,4.11
1574813.86,117484782.32,4.11
1572901.80,117455494.80,4.11
1570989.38,117426201.69,4.11
1571343.67,117437927.36,4.11
1573074.99,117484179.52,4.11
1574264.40,117515954.36,4.11
1575451.26,117547661.17,4.11
1575950.77,117554756.63,4.10
1576043.68,117526300.92,4.10
1576083.58,117514082.54,4.10
1575987.82,117491088.69,4.10
1575453.65,117422131.14,4.10
1575040.05,117368739.10,4.10
1574627.66,117315502.35,4.10
1575610.79,117449110.52,4.10
1583966.77,118572452.05,4.13
1591035.46,119522736.91,4.13
1598133.39,120476951.73,4.13
1605249.05,121433550.78,4.13
1601776.01,121017422.92,4.09
1591066.43,119731192.11,4.09
1583930.72,118874187.11,4.09
1576868.81,118026044.31,4.09
1573255.01,117544956.01,4.10
1573463.53,117447329.92,4.10
1573593.53,117386467.38,4.10
1573800.00,117330085.48,4.10
1574583.52,117348149.56,4.10
1575298.59,117364635.69,4.10
1576014.30,117381136.50,4.10
1576712.37,117397230.59,4.10
1577829.35,117524610.73,4.11
1581114.86,117925370.51,4.11
1583371.95,118200685.04,4.11
1585627.80,118475849.07,4.11
1589335.44,118801843.94,4.13
1598084.07,119460711.49,4.13
1604208.80,119921971.02,4.13
1612275.06,120529448.72,4.13
1609808.38,120337823.52,4.09
1596649.16,119326737.60,4.09
1587341.59,118611592.76,4.09
1577785.64,117877362.89,4.09
1574246.07,117583259.49,4.10
1574913.35,117561413.49,4.10
1575377.06,117546232.37,4.10
1575840.33,117531065.34,4.10
1575968.89,117502390.70,4.10
1575669.49,117432664.79,4.10
1575462.70,117384507.72,4.10
1575255.68,117336294.59,4.10
1574670.75,117312926.10,4.09
1573069.24,117315508.81,4.09
1571547.53,117317962.84,4.09
1570421.40,117319778.92,4.09
1574018.39,117622910.45,4.14
1585894.59,118567902.21,4.14
1593931.00,119207360.76,4.14
1601954.79,119845815.12,4.14
1611711.21,120622135.24,4.11
1608827.80,120347149.20,4.11
1594582.48,119058524.21,4.11
1584608.31,118156264.94,4.11
1580696.45,117775607.23,4.16
1584404.59,118023080.57,4.16
1587011.75,118197077.03,4.16
1589614.27,118370763.67,4.16
1592574.74,118603283.99,4.14
1585835.70,118297281.67,4.14
1580742.20,118065998.99,4.14
1578344.14,117981682.00,4.17
1577592.85,118030035.19,4.17
1577064.99,118064008.42,4.17
1576532.49,118098280.58,4.17
1588613.76,119331617.02,4.23
1636585.25,124010623.73,4.23
1672423.25,127506162.59,4.23
1708367.35,131012051.54,4.23
1720269.24,132702556.43,4.24
1696650.76,132226672.01,4.24
1674808.25,131786571.40,4.24
1657430.57,131436431.70,4.24
1650106.18,131147159.83,4.10
1646653.81,130511951.52,4.10
1644035.47,130030199.09,4.10
1641432.18,129551214.76,4.10
1638002.00,128920088.72,4.09
1635392.94,128440044.42,4.09
1632787.90,127960737.28,4.09
1630171.66,127479371.21,4.09
1626649.81,126831379.79,4.09
1624047.43,126352563.22,4.09
1621445.49,125873828.00,4.09
1618849.34,125396157.82,4.09
1615324.77,124747665.66,4.10
1612719.38,124268294.96,4.10
1607960.13,123392632.39,4.10
1605368.33,122915762.91,4.10
1602765.39,122436842.13,4.12
1600170.72,121959443.93,4.12
1597583.10,121483344.64,4.12
1594974.38,121003361.35,4.12
1592372.73,120524679.51,4.08
1589771.21,120046020.54,4.08
1587167.08,119566881.16,4.08
1584564.41,119088011.21,4.08
1581395.15,118504893.67,4.09
1578840.64,118034884.72,4.09
1576236.72,117555786.01,4.09
1578920.08,117783222.86,4.09
1571982.17,117314630.23,4.08
1569775.65,117553098.07,4.08
1568832.05,117655076.69,4.08
1567038.91,118000680.42,4.09
1562505.79,119072767.28,4.09
1559211.30,119851915.20,4.09
1555939.61,120625672.28,4.09
1527290.62,124732894.11,4.10
1429400.09,138183195.77,4.10
1358160.72,147971588.33,4.10
1287009.73,157747837.07,4.10
1241748.60,163423915.28,4.07
1235847.45,162236777.03,4.07
1231540.65,161370377.29,4.07
1227251.22,160507469.34,4.07
1222706.27,159806526.56,4.06
1221400.85,160068728.10,4.06
1220623.65,160224833.02,4.06
1220024.54,160329825.03,4.06
1219766.90,160322978.00,4.06
1219575.09,160317880.36,4.06
1219383.03,160312776.06,4.06
1219296.45,160308645.88,4.05
1219428.86,160305332.07,4.05
1219524.58,160302936.51,4.05
1219621.79,160300503.82,4.05
1223502.58,160003928.67,4.05
1237932.48,158890079.92,4.05
1248536.32,158071565.92,4.05
1259407.93,157232383.07,4.05
1319101.54,151122837.77,4.14
1449240.38,137188003.39,4.14
1530353.96,128502630.86,4.14
1595931.91,121379572.04,4.14
1592838.26,120454082.90,4.08
1589996.02,119603806.59,4.08
1587151.65,118752889.55,4.08
1584304.63,117901182.89,4.08
1583475.08,117771965.65,4.09
1582250.23,117799400.74,4.09
1581383.23,117818820.17,4.09
1580515.73,117838251.01,4.09
1579772.14,117853472.09,4.08
1579092.95,117861296.45,4.08
1578261.70,117870872.64,4.08
1577711.14,117877215.15,4.08
1579572.04,117774754.35,4.08
1586099.09,117428089.49,4.08
1590617.55,117188104.41,4.08
1595044.31,116952989.89,4.08
1593663.96,117420928.12,4.13
1580698.91,119638143.61,4.13
1570998.37,121297078.58,4.13
1561238.26,122966201.56,4.13
1553583.15,124038684.50,4.10
1549963.05,123736431.26,4.10
1547264.35,123511107.51,4.10
1544547.15,123284239.62,4.10
1542428.85,123119610.53,4.10
1540756.79,123061781.13,4.10
1540001.59,123035662.07,4.10
1539412.75,123008517.26,4.10
1539277.07,122977734.51,4.10
1539176.67,122954956.49,4.10
1539077.02,122932347.60,4.10
1539019.78,122879730.69,4.11
1539027.07,122719547.23,4.11
1539032.56,122598886.79,4.11
1539037.93,122480753.71,4.11
1543192.86,122764786.80,4.15
1560061.36,124282350.52,4.15
1572837.62,125431758.85,4.15
1585919.94,126608702.55,4.15
1584164.16,126535600.22,4.10
1560986.30,124639642.31,4.10
1548280.70,123600319.39,4.10
1539326.40,122871654.84,4.10
1538830.96,122847276.16,4.10
1538452.19,122828638.81,4.10
1538071.77,122809920.20,4.10
1537805.30,122794463.58,4.09
1537861.71,122787293.87,4.09
1537905.05,122781784.49,4.09
1537948.60,122776248.95,4.09
1538097.68,122783918.18,4.09
1538585.80,122832283.08,4.09
1539069.33,122880192.30,4.09
1539445.54,122917469.37,4.09
1543992.96,123260399.84,4.15
1559602.82,124424930.00,4.15
1570951.29,125271551.32,4.15
1582126.63,126105255.86,4.15
1585009.51,126324344.26,4.09
1569730.12,125201607.54,4.09
1558028.86,124341794.46,4.09
1546314.89,123481046.89,4.09
1538650.67,122914303.61,4.10
1542723.45,123198022.39,4.10
1545855.51,123416208.88,4.10
1548989.90,123634557.32,4.10
1550497.22,123735727.82,4.10
1546270.29,123421675.74,4.10
1543011.38,123179545.63,4.10
1540219.17,122972090.07,4.10
1538938.56,122880966.33,4.10
1538093.71,122835586.75,4.10
1537443.05,122800638.16,4.10
1536786.36,122765365.63,4.10
1539385.18,122962561.58,4.15
1555306.49,124110280.95,4.15
1568076.99,125030867.68,4.15
1580857.65,125952186.27,4.15
1587192.58,126401553.33,4.10
1572009.50,125274180.42,4.10
1560222.48,124398971.14,4.10
1548412.95,123522090.73,4.10
1538829.40,122810702.43,4.10
1538618.19,122796030.37,4.10
1538397.29,122780685.62,4.10
1538231.17,122769146.45,4.10
1537970.67,122766373.96,4.10
1537135.90,122783046.87,4.10
1536472.76,122796291.58,4.10
1535812.73,122809474.44,4.10
1535436.55,122816049.23,4.10
1536097.17,122798474.62,4.10
1536614.13,122784721.72,4.10
1537133.19,122770913.10,4.10
1474076.81,122865171.45,4.09
1171953.55,123367676.49,4.09
933322.58,123764578.29,4.09
694925.19,124161091.59,4.09
477758.90,124179152.60,3.93
338920.89,122814017.72,3.93
146510.00,120922123.60,3.93
33935.53,119815226.96,3.93
29669.56,119202481.35,3.93
52947.47,117594504.59,3.93
68913.68,116491601.00,3.93
84934.62,115384916.79,3.93
93156.41,115148708.74,3.93
98828.61,116260509.08,3.93
103253.71,117127867.76,3.93
107672.00,117993892.95,3.93
107126.50,116944817.31,3.93
86807.36,108324000.62,3.93
70400.66,101363117.49,3.93
53959.14,94387463.82,3.93
41023.88,90488129.93,4.18
44707.03,101296651.25,4.18
46920.60,107792535.81,4.18
49063.77,114081839.35,4.18
48928.95,117795054.21,3.99
45372.98,123629411.83,3.99
42706.83,128003828.47,3.99
40043.06,132374323.77,3.99
38238.81,134653757.02,3.89
37968.29,131698641.32,3.89
37753.59,129353377.13,3.89
37538.80,127007043.43,3.89
36602.61,124958706.28,3.89
32207.24,124849226.56,3.89
28563.81,124758476.06,3.89
24912.91,124667539.34,3.89
21679.29,124541513.67,3.89
24220.04,124469844.38,3.89
25916.87,124421980.20,3.89
27689.88,124371967.03,3.89
27481.11,124414597.96,3.88
26198.19,124568659.25,3.88
25302.81,124676182.10,3.88
24407.64,124783679.83,3.88
23979.49,124790368.36,3.89
23254.82,124709024.04,3.89
22737.21,124650922.87,3.89
22221.41,124593024.90,3.89
21948.90,124562039.24,3.88
22117.41,124579096.12,3.88
22250.21,124592537.52,3.88
22459.83,124613754.83,3.88
23892.02,124641643.38,3.89
29345.67,124733986.19,3.89
33343.97,124801686.66,3.89
37367.80,124869819.34,3.89
39595.75,124877894.96,3.90
38556.92,124700100.30,3.90
37712.79,124555627.76,3.90
36866.52,124410788.64,3.90
36817.88,124309252.91,3.90
40898.66,124479290.22,3.90
44270.51,124619787.79,3.90
47736.89,124764224.33,3.90
50139.66,124863775.18,3.89
46094.87,124691738.83,3.89
39566.87,124414084.79,3.89
37191.29,124315991.96,3.90
36938.03,124319118.35,3.90
36741.47,124321544.72,3.90
36543.68,124323986.30,3.90
36192.60,124321426.64,3.89
35067.91,124296814.35,3.89
34146.77,124276656.24,3.89
33224.48,124256473.13,3.89
32388.20,124237744.95,3.89
32442.17,124236418.43,3.89
32486.84,124235320.29,3.89
32531.70,124234217.75,3.89
32590.56,124231968.58,3.89
32743.42,124220805.32,3.89
32809.30,124215994.84,3.89
33843.31,124485645.11,3.97
38184.65,125690963.51,3.97
41608.12,126641445.43,3.97
44950.37,127569378.98,3.97
47580.22,128130666.59,3.96
47557.29,127100692.26,3.96
47538.20,126242652.11,3.96
47519.12,125385749.16,3.96
46975.32,124491907.36,3.95
43304.94,124249285.22,3.95
40139.65,124040050.89,3.95
36979.59,123831162.43,3.95
33399.14,123581920.31,3.95
33238.55,123490127.27,3.95
33103.88,123413146.44,3.95
32969.25,123336192.89,3.95
32845.88,123264425.90,3.95
32862.22,123262912.02,3.95
32876.61,123261578.70,3.95
32890.97,123260247.99,3.95
33109.54,123252751.63,3.96
34450.33,123212132.49,3.96
35589.55,123177619.83,3.96
36740.47,123142752.74,3.96
37748.04,123117413.21,3.96
36705.08,123183903.26,3.96
35818.03,123240454.48,3.96
34928.66,123297152.96,3.96
40842.32,128992239.39,3.98
57789.53,142938142.57,3.98
67607.75,151017582.24,3.98
78606.43,161222507.16,4.35
91279.08,179533302.90,4.35
102140.61,195227189.99,4.35
112968.20,210872030.83,4.35
126330.05,226544424.17,4.42
143388.14,223990564.44,4.42
158164.83,221778266.13,4.42
172906.59,219571197.84,4.42
184603.24,217393620.84,4.77
156147.30,218480638.71,4.77
131379.67,219426763.02,4.77
105032.17,220433238.76,4.77
74271.65,223496985.53,4.27
57055.27,229976395.75,4.27
45268.71,234412287.90,4.27
33644.02,238787257.66,4.27
29404.64,240272859.48,4.26
28295.17,240236079.56,4.26
27457.35,240208305.22,4.26
26615.50,240180397.17,4.26
26552.34,240144524.97,4.26
29218.72,240030221.16,4.26
31436.43,239935151.40,4.26
33651.34,239840201.61,4.26
37346.90,239553059.41,4.26
47297.26,238317351.49,4.26
55649.58,237280099.70,4.26
71598.98,235299387.37,4.26
74114.00,234734043.25,4.24
77537.41,233443599.43,4.24
79962.03,232529645.07,4.24
82420.72,231602851.22,4.24
84302.48,231123223.18,4.24
87717.97,230988658.07,4.24
90453.65,230880876.50,4.24
93186.01,230773225.78,4.24
95665.33,230679329.85,4.24
93234.87,230831988.39,4.24
90970.89,230974190.99,4.24
88700.90,231116770.90,4.24
85451.33,231288579.00,4.34
80794.48,231390600.63,4.34
76659.35,231481192.67,4.34
72764.05,231566530.45,4.34
68629.47,231757912.01,4.41
62128.57,233323251.10,4.41
57118.79,234529548.85,4.41
52147.88,235726483.98,4.41
47928.89,236766755.25,4.41
48919.75,236760758.25,4.41
49805.10,236755399.82,4.41
50695.19,236750012.70,4.41
51394.61,236770643.15,4.41
48355.74,237048338.47,4.41
45624.74,237297900.13,4.41
42889.83,237547819.47,4.41
45760.01,240895885.41,4.69
104920.56,271296886.30,4.69
157900.11,298521639.45,4.69
212435.78,326546043.85,4.69
281457.07,361398732.88,5.76
255019.95,340823762.39,5.76
229665.77,321091591.16,5.76
205541.28,302316441.12,5.76
183319.29,289866914.65,5.09
158292.41,322887250.48,5.09
135562.62,352876823.12,5.09
112916.39,382756145.81,5.09
86585.17,417974984.55,5.05
81249.11,429843222.65,5.05
76472.98,440466103.43,5.05
71691.01,451101963.44,5.05
67994.45,462570855.74,4.99
86599.49,456760080.33,4.99
103963.36,451336950.76,4.99
129143.94,443472486.20,4.99
143522.26,439200763.30,5.07
142961.24,442121335.71,5.07
142454.20,444760982.61,5.07
141949.35,447389131.35,5.07
140938.28,450400722.11,5.21
129059.52,448353989.14,5.21
117574.92,446375171.17,5.21
106011.29,444382734.42,5.21
92270.09,441911375.96,5.35
91817.38,440263274.05,5.35
91395.92,438728954.08,5.35
90975.27,437197553.68,5.35
92451.28,434586461.29,5.01
118513.58,424116930.26,5.01
168672.01,403967704.75,5.01
194629.74,390496893.55,5.76
181802.87,356269717.66,5.76
169969.32,324693114.91,5.76
158162.00,293186509.11,5.76
143503.08,259908676.81,5.16
127382.18,307392455.94,5.16
112294.24,351833671.11,5.16
97151.45,396436434.18,5.16
79272.35,450052308.86,5.08
83844.79,449941591.91,5.08
88198.45,449836172.78,5.08
92527.40,449731351.78,5.08
97258.99,449784379.31,5.06
85361.54,453351994.05,5.06
67527.35,458699820.02,5.06
55902.54,461870940.75,5.08
59660.91,455721940.68,5.08
63137.14,450034551.50,5.08
66554.90,444442809.12,5.08
70875.07,438327382.09,5.25
75358.22,441642227.27,5.25
79443.39,444662811.59,5.25
83521.04,447677827.35,5.25
88196.33,450333575.40,5.36
87575.39,439652677.04,5.36
87002.97,429806375.56,5.36
86431.11,419969730.74,5.36
86120.75,405055240.88,4.23
100360.89,331210735.42,4.23
124264.31,207255716.29,4.23
138734.80,126736006.92,3.95
119025.71,125195642.00,3.95
100394.74,123739536.82,3.95
81909.24,122294801.97,3.95
59660.67,120532590.72,3.96
63072.59,120240301.75,3.96
66334.32,119960879.65,3.96
69601.02,119681031.28,3.96
73887.43,119316854.58,4.00
76817.46,119146162.84,4.00
79638.30,118981832.21,4.00
82454.84,118817751.59,4.00
85855.08,118578155.17,4.19
78052.31,117489682.37,4.19
63486.98,115457844.30,4.19
55683.36,114760457.09,4.19
56994.03,118731327.57,4.19
58174.43,122307496.18,4.19
59336.45,125827975.93,4.19
60247.01,129691780.24,3.89
49042.39,126548857.99,3.89
38406.48,123565461.30,3.89
27729.13,120570440.44,3.89
14043.98,116735288.08,3.87
13698.71,116740747.37,3.87
13366.47,116746000.59,3.87
13035.04,116751241.10,3.87
12674.26,116757883.27,3.88
16610.45,116746024.47,3.88
20712.70,116733665.36,3.88
25361.52,116719659.53,3.88
29544.13,116707058.31,3.87
28082.42,116701845.54,3.87
22160.46,116689848.65,3.87
18161.77,116681747.98,3.87
13306.80,116672233.32,3.87
13403.00,116689610.20,3.87
13498.14,116706794.15,3.87
13592.94,116723917.70,3.87
13715.97,116746486.91,3.87
13530.67,116734234.27,3.87
13346.89,116722082.59,3.87
13163.42,116709951.14,3.87
12913.34,116693677.20,3.86
12392.35,116679686.98,3.86
12068.76,116670997.63,3.86
11754.77,116662565.99,3.86
11663.80,116673333.56,3.88
19519.74,117371961.17,3.88
27169.39,118052243.08,3.88
34845.68,118734894.62,3.88
42715.04,119439224.94,3.89
41880.99,119634520.47,3.89
41055.98,119827696.07,3.89
40230.26,120021040.07,3.89
39132.01,120278196.46,3.89
38382.41,120257907.92,3.89
36184.70,120195338.32,3.89
34732.04,120153980.64,3.89
32797.00,120098889.70,3.89
34957.87,120199143.95,3.89
45946.05,120707856.12,3.89
50039.39,120897363.04,3.88
48231.77,120803324.73,3.88
42677.91,120515211.78,3.88
38979.61,120323358.24,3.88
34250.48,120078028.77,3.89
34431.91,120082189.11,3.89
35278.99,120110124.87,3.89
35846.90,120128853.94,3.89
36604.83,120153885.92,3.88
35556.71,120121300.31,3.88
34509.49,120088742.69,3.88
33456.81,120056015.35,3.88
32092.99,120013614.61,3.90
34385.75,120030064.99,3.90
44532.24,120106204.79,3.90
49201.72,120137974.14,3.96
44092.83,119994734.12,3.96
39153.14,119856238.04,3.96
34213.72,119717749.29,3.96
28001.19,119541443.91,3.95
28927.83,119459332.61,3.95
29833.20,119379105.69,3.95
30735.70,119299133.20,3.95
31912.63,119194842.84,3.96
34231.86,119211607.49,3.96
41420.90,119294417.91,3.96
46388.48,119351639.32,3.96
53125.90,119429247.48,3.95
51356.28,119349759.27,3.95
41845.29,118962838.70,3.95
36773.29,118756502.48,3.96
36947.36,118767637.46,3.96
38517.55,118845401.84,3.96
39500.94,118894104.23,3.96
40670.76,118952040.17,3.95
40232.24,118953712.96,3.95
38551.45,118943579.84,3.95
37383.08,118936535.97,3.95
35799.48,118926988.79,3.95
34861.44,118936196.38,3.95
32416.04,118968867.58,3.95
30738.58,118991278.99,3.95
28609.08,119019729.62,4.11
35995.73,128276750.02,4.11
79072.62,180836244.00,4.11
94516.02,198879654.29,4.29
115837.37,205002104.17,4.29
136514.45,210939555.30,4.29
156446.85,216663168.52,4.29
178783.29,223077104.97,4.55
173951.01,222666927.51,4.55
149342.95,218794055.91,4.55
132163.96,216090386.97,4.55
108907.82,212430283.05,4.56
102737.95,213498561.69,4.56
89665.34,218089225.09,4.56
80450.91,221325024.11,4.56
67980.91,225704074.09,4.25
62634.71,226876764.48,4.25
50420.85,228712442.82,4.25
41751.48,230015403.94,4.25
29849.71,231804178.25,4.25
28167.90,232000918.14,4.25
27221.02,231954500.66,4.25
26555.37,231921869.40,4.25
25698.94,231879885.85,4.25
26040.68,231898560.51,4.25
27459.46,231974412.75,4.25
28452.64,232027511.23,4.25
29796.93,232099381.13,4.25
35934.01,231498445.93,4.25
55608.73,229503371.83,4.25
69362.60,228108690.06,4.25
87667.34,226252536.07,4.23
88174.66,226135105.26,4.23
82655.20,226478560.61,4.23
79892.84,226650452.18,4.23
78079.95,226759402.49,4.24
77800.59,226751146.99,4.24
77562.56,226744112.83,4.24
77329.75,226737233.21,4.24
77180.02,226666081.67,4.24
80146.13,224079992.95,4.24
83075.51,221525935.17,4.24
86021.96,218956980.55,4.24
89466.17,215954053.15,4.34
85401.88,216386143.07,4.34
70423.14,219196233.01,4.34
59812.22,221186894.34,4.34
44976.09,223970229.67,4.38
40211.39,224932554.94,4.38
42009.19,224780484.88,4.38
43157.82,224683326.49,4.38
44099.34,224607867.42,4.39
44661.23,224602794.99,4.39
45165.18,224598245.65,4.39
45669.25,224593695.15,4.39
46162.71,224589240.46,4.39
53188.77,226813964.46,4.39
75635.17,233993116.85,4.39
91162.76,238959387.61,4.39
110904.63,245273535.29,4.87
134666.62,257741171.30,4.87
207031.93,298819258.10,4.87
259968.96,328868909.15,4.87
329664.91,372372335.36,5.83
254306.50,344505618.28,5.83
198647.84,323923651.28,5.83
128907.50,298134435.40,4.91
113553.45,307794778.64,4.91
98307.87,355611342.81,4.91
87356.78,389958577.86,4.91
72858.46,435431415.80,4.97
72001.17,443549094.99,4.97
81166.53,435227096.29,4.97
88015.65,429008212.34,4.97
97232.50,420639460.19,4.97
102990.83,421214316.29,4.97
117581.52,429317214.54,4.97
128792.32,435543104.62,4.97
145231.40,444672510.41,4.98
144609.31,442859570.86,4.98
138794.98,434892243.94,4.98
134746.00,429343954.74,4.98
130604.27,423668570.74,5.32
125796.38,421251283.91,5.32
111211.46,425918044.50,5.32
99109.41,429790354.36,5.32
83010.95,434941402.49,5.23
85529.02,431551798.68,5.23
105968.36,416686944.76,5.23
120108.96,406402954.73,5.23
136138.07,394745508.44,5.01
144235.37,388032530.33,5.01
154442.21,376898083.78,5.01
166338.05,363921145.32,5.01
174196.36,355348663.71,5.81
169324.87,351321322.83,5.81
145852.57,343476979.25,5.81
128888.14,337807538.69,5.81
110793.54,331760401.13,5.04
101783.93,337128793.64,5.04
94048.95,372401109.42,5.04
88006.86,399953618.68,5.04
79922.11,436820876.92,4.91
77266.26,443156485.81,4.91
74712.17,431889246.73,4.91
72808.67,423492053.44,4.91
70267.57,412282100.70,5.05
67841.36,413530618.98,5.05
59807.59,433731132.07,5.05
56188.27,442831740.86,5.00
57419.84,442856763.98,5.00
65801.89,432845377.81,5.00
71869.08,425598829.44,5.00
79270.10,416759171.14,5.33
82631.80,413881572.65,5.33
82295.46,420535097.47,5.33
82015.31,426077166.98,5.33
81638.55,433530140.67,5.18
90657.81,425246906.65,5.18
127791.18,383496542.24,5.18
155882.00,351913032.03,5.18
193631.28,309470178.52,4.21
193704.69,262123913.79,4.21
171701.16,194816866.75,4.21
161254.92,162862660.04,4.52
151291.96,158697228.86,4.52
123427.72,156724329.12,4.52
104119.76,155357247.90,4.52
83816.93,153919726.71,4.23
72431.08,154679443.57,4.23
55114.33,160285416.29,4.23
41822.91,164588266.61,4.23
23776.71,170430388.66,4.21
18449.22,172166166.83,4.21
18506.60,172195779.26,4.21
18550.80,172218592.20,4.21
18611.42,172249880.53,4.21
22565.74,172272407.34,4.21
32572.51,172306609.40,4.21
40105.04,172332354.76,4.24
42984.85,172538369.74,4.24
45475.31,173441933.86,4.24
47438.71,174154275.24,4.24
50089.48,175115998.45,4.24
51093.47,175415165.01,4.24
52026.59,175471825.54,4.24
52746.12,175515516.57,4.24
53699.11,175573383.92,4.25
54525.66,175267082.25,4.25
56908.82,173754594.06,4.25
59059.22,172389827.73,4.25
62039.63,170249689.84,4.37
57550.36,169407892.42,4.37
53585.33,168664395.74,4.37
49666.81,167929620.21,4.37
45990.75,167230260.17,4.39
49807.81,167488057.39,4.39
53583.47,167743058.61,4.39
57351.61,167997551.84,4.39
61118.93,168251989.67,4.37
65053.58,171404021.52,4.37
75555.76,184878687.14,4.37
83681.42,195304200.15,4.37
94011.69,208558300.05,4.81
109941.02,211856776.38,4.81
168593.36,203050474.07,4.81
242649.49,191931384.34,4.81
289018.05,184969419.73,5.05
277901.77,194573320.59,5.05
194891.32,236153168.44,5.05
136865.90,265218038.34,5.05
75877.02,295767306.16,5.00
49922.21,311370101.77,5.00
59961.94,318954119.92,5.00
67919.42,324965203.69,5.00
78473.01,332937393.16,4.97
87121.96,335915218.95,4.97
110453.27,336056579.75,4.97
128996.28,336168928.88,4.97
154061.54,336320795.39,5.03
159805.47,335522112.34,5.03
139072.75,330729314.80,5.03
114417.31,325029698.70,5.03
98870.78,321435795.79,5.32
97297.88,321201392.51,5.32
103212.66,323023377.55,5.32
107434.51,324323873.05,5.32
111711.12,325641236.09,5.13
122951.78,321208519.79,5.13
174978.88,290208121.59,5.13
218307.95,264390455.67,5.13
276855.45,229504872.74,5.82
291535.90,231436289.82,5.82
238598.43,321913870.74,5.82
195193.97,396098189.71,5.82
136210.03,496910036.10,6.44
115344.11,546369350.88,6.44
159851.91,560973014.51,6.44
218359.25,580170137.72,6.44
255311.80,592294815.33,6.90
265128.16,592545387.41,6.90
262338.83,580324497.02,6.90
260299.06,571387671.07,6.90
258187.30,562135443.83,5.71
251068.17,539089197.10,5.71
215243.49,431763579.08,5.71
185315.21,342102747.86,5.71
145816.97,223771685.39,6.04
127541.58,193496221.67,6.04
122724.51,320697157.95,6.04
118750.21,425643676.10,6.04
113356.38,568074511.99,6.48
110128.03,639413131.76,6.48
105984.31,634461962.01,6.48
100295.65,627664802.95,6.48
96880.05,623583634.76,6.80
107252.71,595468249.52,6.80
148073.75,496197751.12,6.80
177100.46,425609247.45,6.80
206354.04,354469042.99,3.75
215619.01,296905525.33,3.75
160048.41,214186539.47,3.75
113108.98,144315384.70,3.75
53645.59,55801822.52,3.58
21992.18,8814841.82,3.58
21391.10,8802240.54,3.58
20874.50,8791410.00,3.58
20168.53,8776609.52,3.55
19825.04,8774181.09,3.55
19913.85,8811243.35,3.55
20022.62,8856634.34,3.55
20099.88,8888880.73,3.49
20119.32,8900238.56,3.49
19955.71,8851868.34,3.49
19820.15,8811793.16,3.49
19651.17,8761833.84,3.35
19611.31,8732980.41,3.35
20132.77,8739546.55,3.35
20592.50,8745335.39,3.35
21199.11,8752973.66,3.34
21494.39,8753876.39,3.34
21176.34,8726676.25,3.34
20896.46,8702739.81,3.34
20516.03,8670205.22,3.34
20609.65,8671662.72,3.34
26789.40,9071942.16,3.34
30716.86,9326334.50,3.34
33366.32,9495992.82,3.34
30894.88,9284895.37,3.34
28490.74,9079545.60,3.34
25309.01,8807778.25,3.34
23645.33,8672042.16,3.34
23208.05,8679119.13,3.34
22833.92,8685173.89,3.34
22328.49,8693353.62,3.33
22022.77,8697617.80,3.33
21830.78,8694237.55,3.33
21658.72,8691208.20,3.33
21409.11,8686813.45,3.34
20949.49,8668678.33,3.34
20148.34,8630448.91,3.34
19639.89,8606186.20,3.33
19296.21,8589434.48,3.33
19491.82,8595361.23,3.33
19669.88,8600756.34,3.33
19910.93,8608059.96,3.33
20071.55,8612843.44,3.33
19854.06,8603446.62,3.33
19642.80,8594319.45,3.33
19357.10,8581975.66,3.33
19245.42,8579377.65,3.33
19858.26,8630046.43,3.33
20414.66,8676048.83,3.33
22106.38,8803785.82,3.33
26470.74,9015629.61,3.33
30520.54,9212204.30,3.33
34913.26,9425424.53,3.33
37734.85,9560457.00,3.33
33958.91,9356927.88,3.33
30481.93,9169513.26,3.33
25772.13,8915647.55,3.33
22305.20,8728774.52,3.33
20651.87,8641735.92,3.33
23072.05,8784767.11,3.33
25874.45,8950386.85,3.32
27743.50,9060991.08,3.32
26670.82,9002241.66,3.32
25249.67,8924406.29,3.32
24125.10,8862814.30,3.32
23195.56,8810094.66,3.32
22226.42,8747710.95,3.32
21433.88,8696694.48,3.32
20614.50,8643950.02,3.32
19875.50,8596432.98,3.32
19791.25,8592795.04,3.32
19709.51,8589264.85,3.32
19601.61,8584605.51,3.32
19534.34,8581280.12,3.32
19639.25,8577548.14,3.32
19738.88,8574003.71,3.32
19873.54,8569213.62,3.32
20242.81,8583933.55,3.32
24232.13,8832201.07,3.32
31090.28,9259004.24,3.32
34908.35,9496613.63,3.34
35185.06,9506458.58,3.34
30717.39,9198355.17,3.34
27333.99,8965025.89,3.34
23937.89,8730820.38,3.32
21468.39,8567059.79,3.32
22046.51,8664781.80,3.32
22558.70,8751359.26,3.32
23182.74,8856841.70,3.32
23659.74,8934162.27,3.32
24184.13,8968140.09,3.32
24675.17,8999957.12,3.32
25340.46,9043064.12,3.33
25733.78,9068304.30,3.33
25028.47,9017697.96,3.33
23988.74,8943097.00,3.33
23324.44,8895433.54,3.32
22760.68,8859078.93,3.32
22091.33,8830871.93,3.32
21564.58,8808674.21,3.32
21030.60,8786171.52,3.31
20537.03,8765995.81,3.31
19927.43,8748954.92,3.31
19361.89,8733145.98,3.31
18626.94,8712601.18,3.31
18112.01,8698264.08,3.31
17948.74,8694872.52,3.31
17793.38,8691645.39,3.31
17588.19,8687383.13,3.32
17606.26,8691764.10,3.32
25701.73,9054951.75,3.32
30272.57,9260014.12,3.32
34926.75,9468815.08,3.31
36114.98,9518584.73,3.31
31689.89,9303529.30,3.31
28268.59,9137257.12,3.31
24794.16,8968402.66,3.32
21916.71,8828307.33,3.32
21225.54,8791426.06,3.32
20589.30,8757475.47,3.32
19741.92,8712258.68,3.31
19123.71,8679606.95,3.31
18763.58,8674999.41,3.31
18412.03,8670501.56,3.31
17935.17,8664400.57,3.31
17600.32,8661229.51,3.31
18998.34,8745839.05,3.31
19827.01,8795991.35,3.31
20641.62,8845292.50,3.31
20980.55,8865355.64,3.31
20468.69,8832014.09,3.31
20054.63,8805043.34,3.31
19641.04,8778103.63,3.33
20484.88,8812324.35,3.33
39851.98,9739008.17,3.33
58085.27,10611441.09,3.33
80839.01,11700170.41,3.32
99018.40,12570024.25,3.32
92528.45,12302893.99,3.32
71818.44,11443878.68,3.32
52186.07,10629562.56,3.32
41978.73,10423186.09,3.32
52658.74,11508046.32,3.32
61828.42,12439489.09,3.34
68903.11,13158125.60,3.34
67921.83,13074877.13,3.34
52329.04,11560346.13,3.34
36541.26,10026874.99,3.31
24576.64,8864748.46,3.31
23864.78,8814421.18,3.31
23020.93,8787167.99,3.31
22290.98,8763593.52,3.31
21728.45,8745426.26,3.31
22066.73,8766839.68,3.31
23286.81,8841041.93,3.31
25200.45,8957425.23,3.31
26060.88,9009546.95,3.31
28547.31,9160017.51,3.31
30326.55,9267690.68,3.31
32079.31,9373762.22,3.31
31406.32,9341406.52,3.31
28103.56,9168624.82,3.31
25152.83,9014259.11,3.31
22837.22,8893119.26,3.31
22708.64,8877472.20,3.31
22992.32,8863437.77,3.31
23259.47,8850221.30,3.31
23456.62,8840467.70,3.31
25154.92,8954977.79,3.31
31355.77,9395690.09,3.31
40275.40,10029634.55,3.31
40894.83,10072315.09,3.31
35166.31,9660588.30,3.31
29445.39,9249407.65,3.31
25419.93,8960085.16,3.31
24568.96,8910876.92,3.31
23411.10,8865782.45,3.31
22354.09,8824615.96,3.31
21578.32,8794402.49,3.31
21464.27,8797331.62,3.31
21452.17,8820790.88,3.31
21440.67,8843085.40,3.31
21432.18,8859553.21,3.31
21463.48,8868672.20,3.31
21691.93,8902112.44,3.31
21778.90,8914842.76,3.31
21846.59,8918772.54,3.31
22006.23,8919730.39,3.31
22167.60,8920698.59,3.30
22282.56,8921388.38,3.30
22309.34,8918370.33,3.30
22340.07,8908095.14,3.30
22368.94,8898445.34,3.31
22390.60,8891201.78,3.31
23420.37,8968513.50,3.31
27618.37,9296126.12,3.31
32011.60,9638973.75,3.32
35195.63,9887455.41,3.32
34700.75,9850487.95,3.32
29423.36,9446290.30,3.32
26516.37,9223643.16,3.30
23594.86,8999883.88,3.30
23152.33,8960403.61,3.30
22968.07,8927797.07,3.30
22809.38,8899716.80,3.30
22681.63,8877111.52,3.30
22929.37,8892940.61,3.30
23940.58,8969764.16,3.30
24960.39,9047241.50,3.30
25695.55,9103093.07,3.30
25784.07,9106663.40,3.30
25204.83,9050387.98,3.30
24628.65,8994408.94,3.30
24195.30,8952307.10,3.30
24090.47,8940904.88,3.30
24339.52,8958280.61,3.30
24477.34,8967895.88,3.30
24613.51,8977396.35,3.30
24461.94,8977031.35,3.30
23663.93,8962284.48,3.30
22929.18,8948706.50,3.31
22327.33,8937584.52,3.31
22292.60,8934054.64,3.31
22827.21,8933030.16,3.31
23362.49,8932004.39,3.31
23757.27,8931247.87,3.31
24952.02,9013267.35,3.31
29061.37,9326178.37,3.31
33236.52,9644100.31,3.30
36321.27,9878991.90,3.30
34321.49,9745358.72,3.30
26391.70,9190984.05,3.31
22778.36,8938374.25,3.31
21694.89,8857082.01,3.31
22441.18,8886988.42,3.31
23210.66,8917823.44,3.30
23777.86,8940552.82,3.30
23727.97,8936484.22,3.30
22607.09,8882680.23,3.30
21442.01,8826755.17,3.30
20584.71,8785603.58,3.30
20332.03,8770837.25,3.30
20471.32,8768570.23,3.30
20584.93,8766721.31,3.30
20685.28,8765088.02,3.30
21207.86,8799206.09,3.30
22497.23,8895185.39,3.30
23322.70,8956632.16,3.31
24150.66,9018264.41,3.31
24096.18,9011279.04,3.31
23387.63,8948450.40,3.31
22884.08,8903798.94,3.31
22381.74,8859255.44,3.31
23620.77,8941179.65,3.31
30693.87,9434532.03,3.31
38086.65,9950181.63,3.32
43654.15,10338517.68,3.32
44456.59,10391331.13,3.32
38117.10,9935397.77,3.32
31492.36,9458948.69,3.30
23939.10,8915326.54,3.30
23733.53,8898280.66,3.30
23495.94,8878579.75,3.30
23319.92,8863984.87,3.30
23038.95,8852986.61,3.30
22117.92,8829787.43,3.30
21200.58,8806681.26,3.31
20495.91,8788931.94,3.31
20276.76,8782287.20,3.31
20784.38,8789674.82,3.31
21343.54,8797812.46,3.30
21747.96,8803698.21,3.30
21998.08,8809764.00,3.30
22309.63,8825563.33,3.30
22848.59,8852895.69,3.30
23103.57,8866161.89,3.30
23753.12,8901272.07,3.30
24531.31,8943335.17,3.31
25068.16,8972353.21,3.31
25114.15,8977891.26,3.31
23951.49,8930619.96,3.31
22707.94,8880059.91,3.31
21775.54,8842150.73,3.31
21543.99,8845491.48,3.31
26296.17,9162158.13,3.31
32033.60,9544477.52,3.30
36381.84,9834226.72,3.30
37846.30,9929879.16,3.30
34266.23,9681224.24,3.30
28679.20,9293174.53,3.30
26272.29,9124816.19,3.30
25673.82,9065376.16,3.30
25124.02,9010769.36,3.30
24571.98,8955940.07,3.30
24023.85,8901499.79,3.30
23910.38,8894089.85,3.30
23793.35,8895147.42,3.30
23711.53,8895886.75,3.29
23629.65,8896626.65,3.29
23472.54,8889626.58,3.29
22894.52,8852697.39,3.29
22304.51,8815002.26,3.30
21838.26,8785214.13,3.30
21550.05,8768491.35,3.30
21434.48,8785690.21,3.30
21392.49,8791939.70,3.30
21350.84,8798137.33,3.30
21361.79,8798038.57,3.30
21420.10,8794675.48,3.30
21459.25,8792417.26,3.30
22141.29,8835816.97,3.30
27197.74,9183583.64,3.30
33132.13,9591732.77,3.31
37512.91,9893029.28,3.31
39443.56,10021851.89,3.31
35313.81,9713454.89,3.31
30636.39,9364158.77,3.30
27190.16,9106805.28,3.30
24867.50,8933336.59,3.30
23951.68,8864682.98,3.30
23565.53,8835735.26,3.30
23205.54,8811325.05,3.30
22630.07,8793988.53,3.30
22111.53,8778367.09,3.30
21592.19,8762721.37,3.31
21072.38,8747061.69,3.31
32073.69,9465029.22,3.31
70083.53,11934744.45,3.31
96653.66,13661156.74,3.58
123145.27,15382466.77,3.58
139083.43,16452140.71,3.58
141260.75,16791271.01,3.58
143369.12,17119661.31,3.66
145177.56,17401335.15,3.66
156911.02,17793996.07,3.66
183190.44,17986466.15,3.62
199649.47,18107011.79,3.62
206602.21,17974327.86,3.62
176169.79,16424162.37,3.62
142140.84,14690796.84,3.57
116054.44,13362008.93,3.57
95405.74,12316755.02,3.57
84966.19,11848743.86,3.57
72301.77,11280990.94,3.56
62929.07,10860807.12,3.56
57797.16,10625782.75,3.56
78779.87,11517405.70,3.56
104312.16,12602354.87,3.64
124352.38,13453927.85,3.64
144845.23,14336492.12,3.64
160785.59,15050965.74,3.64
171930.84,15550514.63,3.61
182791.63,16037313.43,3.61
176357.95,15831080.68,3.61
144005.12,14675378.05,3.61
120535.87,13837013.28,3.58
97113.87,13000336.12,3.58
80944.89,12341788.12,3.58
64231.94,11295246.05,3.58
48694.73,10322327.28,3.55
35043.29,9467492.68,3.55
24345.31,8796772.29,3.55
23551.68,8738730.21,3.55
22599.71,8669108.16,3.55
21283.14,8574640.42,3.55
21000.33,8591075.67,3.55
20623.82,8612956.27,3.55
20355.45,8628551.96,3.55
20535.96,8671179.64,3.55
24913.94,9014632.71,3.55
30217.64,9430708.14,3.42
35216.95,9822904.70,3.42
37240.23,9962666.68,3.42
35834.79,9747381.60,3.42
34532.39,9547878.47,3.31
33269.43,9354417.87,3.31
32149.21,9216676.49,3.31
29697.95,9107345.98,3.31
24020.62,8854126.62,3.29
22912.72,8808471.01,3.29
22321.85,8799845.17,3.29
21857.72,8793069.42,3.30
21393.22,8786288.41,3.30
21249.77,8791013.53,3.30
23192.22,8884695.06,3.30
25758.94,9008484.74,3.31
27475.14,9091255.10,3.31
28515.39,9142984.33,3.31
26874.52,9073665.75,3.31
25711.09,9024516.82,3.30
24561.36,8975946.32,3.30
23837.99,8945618.43,3.30
24456.54,8973579.25,3.30
25260.58,9009925.19,3.30
25746.59,9031894.95,3.30
25942.42,9038870.25,3.30
25807.56,9023920.24,3.30
25701.15,9012124.58,3.31
25595.84,9000449.52,3.31
25849.93,9021646.90,3.31
28154.98,9227878.57,3.31
30250.38,9415352.56,3.30
32234.11,9592836.10,3.30
34219.17,9770438.38,3.30
33414.75,9722385.36,3.30
27963.02,9339504.87,3.30
24813.64,9118320.70,3.30
21588.84,8891840.18,3.30
22076.95,8927961.91,3.30
24492.60,9106340.78,3.30
25530.55,9182986.38,3.30
25788.62,9203808.08,3.30
24439.52,9113125.81,3.30
23388.49,9042479.46,3.30
22314.35,8970279.23,3.30
21451.70,8911752.76,3.30
21736.00,8923762.96,3.30
22045.31,8936829.47,3.30
22314.88,8948217.17,3.30
22574.34,8959177.71,3.30
22850.86,8971645.50,3.30
23777.55,9015720.31,3.30
24365.85,9043700.42,3.30
24954.05,9070960.06,3.30
25380.60,9047928.09,3.30
25946.88,9017350.62,3.31
26373.31,8994325.20,3.31
26802.54,8971147.70,3.31
27226.89,8948234.60,3.31
33247.57,9363014.06,3.37
50960.73,10642023.45,3.37
62819.27,11498290.17,3.37
61848.70,11433039.08,3.37
56396.12,11057676.67,3.36
53419.36,10852752.24,3.36
50439.18,10647592.75,3.36
47466.01,10442916.38,3.36
43788.16,10191158.95,3.35
36417.17,9688608.64,3.35
31176.03,9331270.85,3.35
25906.96,8972027.95,3.35
32233.43,9403555.71,3.39
48572.38,10518021.99,3.39
58418.57,11189622.11,3.39
77520.93,13331724.90,3.39
149425.02,21571696.90,3.52
189275.11,26138386.37,3.52
229317.21,30727078.80,3.52
234014.00,31265316.00,3.52
